,20150701,20150702,20150703,20150706,20150707,20150708,20150709,20150710,20150713,20150714,20150715,20150716,20150717,20150720,20150721,20150722,20150723,20150724,20150727,20150728,20150729,20150730,20150731,20150612,20150615,20150616,20150617,20150618,20150619,20150623,20150624,20150625,20150626,20150629,20150630
09:25:00,,,,,,,,,,,,,,,,,,,,,,,,,,,,,,,,,,,
09:30:00,-0.0121163819279,0.0320605402455,0.0122700925918,-0.0265491923764,-0.0272286723886,0.0,0.0795120629277,0.0,0.0,-0.0228690290385,0.0175002936527,0.010246422722,0.0265118765108,-0.0121725512434,-0.0127390257774,-0.00109977404621,0.0,0.0135166185726,-0.00235571369246,0.0,0.002211383015,-0.00265503664405,-0.00181983671699,,,,,0.0,0.0,0.0,,0.0,0.0,0.0120347447258,0.0
09:31:00,0.0222708152412,-0.000222222223137,-0.0179652918409,0.00947874395454,0.0,0.0,-0.0144348937836,0.0,0.0,0.0227512642147,0.0,0.00264974703533,-0.0126583968719,0.00920519001555,0.0112188836048,0.00852208712576,-0.000120489186242,-0.001066098182,0.00094295150787,-0.0159917403797,0.00311365067328,0.00869735110001,0.0172840624146,,,,,,0.0,,0.0,0.0,0.0,0.017601195477,0.0
09:32:00,0.010152371464,-0.0280597596823,0.000620616913112,0.0,0.0199026322965,0.0,-0.039543867139,0.0,0.0,0.000117764823783,0.00689115947146,-0.0113454540029,-0.00870015723196,-0.000743218168734,0.000253517557449,0.000848227860613,-0.00120569100692,-0.00792465059614,0.0245546752137,0.0159917403797,-0.0051948168771,0.00400802139754,-0.0127406652305,,,,,,0.0,,,0.0,0.0,-0.0296359402028,0.0
09:33:00,0.0198045882747,0.000114279184171,-0.000744786528966,-0.0100741592743,0.00425563779689,0.0,0.0100335289896,0.0,0.0,0.0,0.0226334855207,-0.00338648552795,-0.0045077029126,0.000743218168734,0.00946080850423,0.00447157672986,0.0,0.00856444588348,-0.0115621590966,0.00252979297425,-0.00836824967052,0.00262156070495,0.000517933457131,,,,,,,,0.0,0.0,-0.0476841105407,0.0,0.0
09:34:00,-0.0100513262462,-0.00114337995534,0.000744786528966,-0.00178837603551,0.00307040229518,0.0,0.00993385652429,0.0,0.0,0.0,0.000941841369364,-0.00368168073756,0.00694625895641,0.000495172082413,-0.00819418388904,0.00325046936405,-0.00169041334626,0.00202332213214,0.000116285830702,-0.0160861377516,-0.00223463780142,-0.00512469092307,0.00632300964622,,,,,,0.0,,,0.0,-0.0837698830655,0.0,0.0
09:35:00,-0.00975326202847,0.00217130534995,0.00383925172803,-0.00119402999261,-0.00732604009207,0.0,0.00476621824291,0.0,,0.0,-0.0115991358434,0.00438814491389,0.0113442042516,0.0,0.00126502230659,0.00359928402965,-0.00666871219504,0.0,-0.00571396808564,-0.00135226525001,0.0126840536758,-0.0100756519887,-0.0021891709213,,,,,,,0.0,0.0,0.0,-0.0295588022415,0.0,0.0
09:36:00,-0.00190199767034,0.0269175551035,0.00135877977795,-0.00107584733346,-0.0178046246335,0.0,0.0,0.0,,0.0,-0.0059701669865,0.0,-0.00635730049547,-0.00173417608183,0.000631911553413,-0.00227804186999,-0.011255318232,0.00530505222969,0.00606274446539,0.014241809976,0.00311365067328,0.00982499401024,-0.00452226366669,,,0.0,,,0.0,0.0,,,0.0198026272962,0.0,0.0
09:37:00,0.0168906151644,0.000666518576107,-0.00445379927118,-0.0132436320457,0.0059701669865,0.0,-0.0163653540863,0.0,,0.0,0.00585111228073,0.00282087634164,0.000255069507823,0.0016104060464,-0.00151725911014,0.00191869587583,0.00881926343408,0.00863981773084,0.0104071244577,-0.000400293553947,-0.00884731245868,0.00300375695183,0.00748294034826,,,,,,0.0,,0.0,0.0,0.0289875368733,0.0,0.0
09:38:00,0.00785087447574,0.00498477908392,-0.00809216989734,-0.00864225450755,0.00445435034938,0.0,0.0,0.0,0.0,0.0,0.000119054705777,-0.00635819874249,-0.00537017017459,-0.0017343909204,0.0059294944434,-0.00516486644507,0.00219271619101,-0.00863981773084,0.0099583035501,0.000933769160091,-0.000261403739562,0.00224691144338,0.0067892401948,,,,,,0.0,0.0,,0.0,-0.0353804772595,0.0,0.0
09:39:00,-0.00303490369515,-0.00442968609159,-0.0170190051696,-0.00982808893626,0.00399202126954,0.0,0.0029955089798,0.0,,0.0,-0.00549123977428,0.00283085822452,0.00511510066677,-0.000620155058635,-0.00378072283991,0.00432588994712,0.00206649316839,0.00338052297428,-0.00228050269873,0.010214322407,-0.00576823833238,0.00609113698795,-0.0106527350198,,,,,,0.0,0.0,,,-0.00385547410511,0.0,0.0
09:40:00,-0.00639356921466,-0.00155503752318,-0.00216381424718,0.0122700925918,-0.0120241929668,0.0,0.0102497177702,0.0,,0.0,-0.00287700989623,0.00338648552795,-0.0012763243596,0.00123992576332,-0.004048588526,0.00633480873004,0.00532882452707,0.00546909230271,0.0,0.0025044500008,0.000657159779186,-0.00609113698795,-0.00219595773836,,,0.0,,,,0.0,,,0.0102484144914,0.0,
09:41:00,0.00216855678871,-0.00389820619499,-0.000764818392923,0.00607904607638,-0.00689347851941,0.0,-0.00131665588475,,0.0,-0.00934641527233,-0.00965025583216,0.00939368982551,-0.00358239891825,-0.0014880955127,0.004048588526,-0.00849541453994,0.00181017366752,0.00679456959877,-0.00687287928776,-0.0025044500008,-0.00013139741166,0.0121453965383,0.00580235010666,,,,,,,,,,-0.00491401480243,0.0,0.0
09:42:00,0.0242217960032,-0.00638121392884,0.0,-0.0014556043327,-0.021123800413,,0.0,,,0.008875272743,-0.00376465318023,0.0116538499838,-0.00526891921246,-0.00335633356283,0.00289983182466,0.00431655346497,-0.00168939342702,0.00010417209239,0.00229621226035,-0.010214322407,-0.00118335428969,0.00381140192138,0.00666327426916,,,,,0.0,0.0,,,,-0.00414651596185,0.0,0.0
09:43:00,0.000672527286721,0.010723963363,0.0,-0.00462344174368,-0.00169087735313,0.0,0.000823113059889,,,0.000471142529328,0.00376465318023,0.00399202126954,0.000515264728649,-0.00112128585846,0.000503461307047,0.00262875046827,0.0015688170719,0.0051948168771,0.00114613193062,-0.00133422301314,-0.00276661792962,0.00562899185771,-0.00127795544549,0.096141853486,,,,,0.0,,,,0.00906053076428,0.0,
09:44:00,-0.0107180092308,0.0,0.0,-0.00611622701744,0.00169087735313,0.0,0.00721432871571,,,0.0,0.00362976805058,-0.00399202126954,-0.000644122405523,-0.00274622566803,-0.00479314742076,-0.00262875046827,0.0,0.00413651055178,-0.00252322647921,0.00572457131443,-0.00132013220492,0.00547613172559,-0.00499968992243,,,,,,0.0,,,,-9.80440218443e-05,0.0,
09:45:00,-0.00985325761133,0.00221975673831,0.0,-0.00541339904665,0.00902077824179,0.0,0.00375051397644,,,0.0,0.0087777873766,0.00412939334201,-0.000128874283315,0.000249968755208,0.00605069285812,-0.00227585892087,0.00301005585165,-0.00134249000387,-0.000919117711763,-0.0027916269376,0.000792288434419,-0.00109282993087,0.0037200992168,,,,,,,,,0.0,-0.00284746620791,0.0,
09:46:00,0.00946487038439,0.0054176703909,0.0,0.00479971384789,-0.0058006573883,0.0,0.00745909085113,0.0,0.0,0.0,-0.00504081720288,-0.000274763018626,0.00501383064859,-0.000124976567056,0.000376955460894,0.00227585892087,-0.000962232453363,-0.00746813967829,0.000344768146839,-0.00828770951449,-0.000396065752091,-0.00621536337585,-0.0102961012523,,,,,,,,,,-0.00453336737759,0.0,0.0
09:47:00,-0.00848495849804,0.00483996104856,0.0,0.00110436234305,0.00122399036089,0.0,0.00161420535454,0.0,0.0,0.0,-0.0128362140288,-0.00897114566843,-0.0026966308476,0.00187301047452,-0.00377596420953,-0.00696364922317,-0.00204782339829,0.000312288557162,-0.00091964600113,-0.0121540996507,-0.00105694289137,-0.00686950689652,-0.00142404063161,,,,,,,,,,-0.00435558003965,0.0,0.0
09:48:00,-0.00510605979752,-0.00263707437736,0.0,-0.00110436234305,-0.00613498856752,0.0,0.00128949082987,0.0,,0.0,-0.0127562136937,-0.00291565635222,-0.000643128197613,0.00124672750222,-0.000630715883412,0.00696364922317,-0.00241458526102,0.00145605849958,-0.0111022303775,-0.0212847032893,-0.00876266892107,0.00307257661994,-0.00389408591767,,,,0.0,,0.0,0.0,,,-0.0144893866394,0.0,0.0
09:49:00,-0.000787866891257,-0.00972920886168,0.0,0.000122767172212,-0.00308166653741,0.0,-0.00128949082987,,0.0,0.0,-0.0107974986344,0.00291565635222,0.00295497099455,0.00360674478421,0.000630715883412,0.00119574329684,-0.00157261267516,-0.00260159364177,-0.00477939943413,0.000138782874416,-0.00253688633287,0.00379693027657,0.00194893844578,,,,,,,,,0.0,-0.0133754147242,0.0,
09:50:00,0.00785087447574,0.00432349212914,0.0,0.00330902930777,-0.00278164296188,0.0,0.0101100114922,,0.0,0.0,0.000374274846862,0.0103442064361,0.000641231185806,-0.00335758569485,-0.000883113663652,-0.00119574329684,0.000242101441686,-0.000625390889677,-0.00421546291691,0.000693625608721,-0.00267737777072,-0.00355153150234,0.00220421483085,,,,,,,,,0.0,-0.0105625757703,0.0,
09:51:00,0.00292825977909,-0.00332410278384,0.0,0.00390768600806,0.00154631235388,0.0,0.011114753991,,0.0,0.0,0.00410780436966,0.0145749362051,0.0,0.00211534951025,-0.00012622278338,-0.00335570784697,-0.00133228385237,0.000833767635586,0.000938306425867,-0.00152661191261,0.0133157759758,0.000122676808103,0.00374895403858,,,0.0,,,0.0,,,,0.00821359853739,0.0,
09:52:00,0.00272532775264,0.00044385264821,0.00711565899432,0.000609198922283,0.00892176353215,0.0,0.00723728772552,0.0,0.0,0.0,-0.00610555756248,0.0140989243795,0.00588011409181,0.0,-0.000252493373391,0.00239808268401,-0.000121204775617,0.00010417209239,0.0046783711061,-0.00389647027912,-0.00530505222969,0.0,-0.00647251450562,,,,,,,,,,0.0172330671238,0.0,
09:53:00,-0.0135044620075,-0.000887902389077,0.000126606317824,-0.00304971264124,0.00610688920818,0.0,0.00015675209688,0.0,0.0,0.0,0.00237188801044,0.0188871757185,0.00559228707042,0.00285483964762,0.00378072283991,0.0,0.00399202126954,-0.00156372197618,0.0127537960626,0.00639335047771,0.0,-0.000245368667652,-0.00260078170006,,,,,,0.0,,,,0.0146657988517,0.0,0.0
09:54:00,0.00471791714517,0.00133155811951,-0.00685978299729,-0.00416259171078,0.0068259650704,0.0,0.0,,0.0,0.0,-0.00224691144338,0.00743013259889,0.00126662461519,0.00148625244104,,-0.00239808268401,0.000603463901,-0.00880232027299,-0.00519781707362,0.00442356264599,-0.00226319739816,-0.00368777307918,-0.0104712998673,,,,,,,,0.0,,0.010149370268,0.0,0.0
09:55:00,0.000196097657261,-0.00199800266267,-0.000382482314857,-0.000859159304154,-0.000756143703324,0.0,-0.0047132844521,,0.0,-0.00483976627866,0.000999250645225,0.00388853373969,0.00063271118846,0.00185471459659,0.00125707119005,-0.0036079413762,0.000482509056407,-0.0189125909101,0.0028910109757,-0.0062262394151,-0.000266595576092,0.00233716817132,0.0,,,,,,,,,,0.0242142581206,0.0,
09:56:00,-0.00265056847861,-0.0111733005981,0.0,-0.000491279793717,-0.00151400483122,,0.0047132844521,0.0,0.0,0.00483976627866,0.00585051771479,0.00606179711348,-0.000253036438597,0.00677134012317,0.00175724910287,-0.00531530606335,-0.00265668553793,0.00641507599336,-0.00231213975838,-0.00640492303744,-0.00040002667378,-0.00110639878519,0.0,,,,,,0.0,,,,0.0142520227072,0.0,0.0
09:57:00,-0.00423583355102,-0.00168681513148,0.0,0.00135043909787,-0.01511363781,0.0,0.0,,0.0,0.0,-0.00510173445255,0.000385678477494,0.000506008865951,0.00404090429247,0.00313028490752,-0.00193986481783,0.00108767912107,0.00106518970447,-0.00289771283607,0.0,0.00040002667378,-0.00332656008113,0.00995033085317,,,,,,0.0,0.0,,,0.0260722403098,0.0,
09:58:00,-0.00802819119377,-0.00813655748909,0.0,0.000122676808103,0.00276497872007,0.0,0.0,0.0,0.0,0.0,-0.00187301047452,0.00102774931965,-0.00215230823101,-0.000366680930589,0.000125007813151,0.0,-0.00326659294766,0.00921958525455,0.00289771283607,0.0,0.0,-0.00532080696005,0.0018222053721,,,0.0,0.0,,,0.0,,0.0,-0.0229638687588,0.0,
09:59:00,9.95074382635e-05,0.00305897253203,0.0,-0.00233343673579,-0.00368833981984,0.0,-0.000313528768833,,0.0,0.0,-0.0142239165677,-0.00424629088145,0.00126662461519,-0.00859428248733,0.0,0.00484262447579,0.0,-0.00634922767866,0.00760986031414,0.0,0.000133306672196,-0.00497513464011,0.0077720598477,,,,,,,,,,-0.0318184774334,0.0,0.0
10:00:00,0.00516078954078,0.00124357033719,0.0,-0.00394234833628,-0.00277520992178,0.0,0.000313528768833,,,0.0,-0.0110906866942,-0.00841701311095,0.0044205945054,0.00492005912545,0.00473875434717,0.00144822617637,0.0045943739382,-0.00212539931231,0.00971602773894,0.0,-0.00160085413057,0.0,-0.00894309634871,,,,,,,,,,0.00783331697552,0.0,0.0
10:01:00,-0.00069317228106,0.0153599073363,0.0,-0.0124209769804,0.00354473670081,0.0,0.0,,,0.0,0.00371057939654,-0.0250177629753,0.00188857468787,0.00428528357033,0.00149179540346,0.000964320229019,0.00361228568591,-0.00127741128718,0.0136702123159,0.0,0.0,0.00336092928557,0.015373986679,,,,,,,,,0.0,0.0115885030046,0.0,
10:02:00,-0.00228095502275,-0.0145693488221,0.0,-0.0193078116049,0.0,0.0,0.0,,,0.0,-0.024172313742,0.0112695922582,0.0036411616599,0.0,0.0035960110671,-0.00543643743046,0.00956945101615,0.0,0.00849167113815,0.0,0.00293294437683,0.00631776644597,0.00383877630717,,,,,,,,,,0.00938262107529,0.0,
10:03:00,-0.00318218247846,-0.00452591856526,0.0,-0.0177405346878,-0.00400802139754,0.0,0.0,,0.0,0.0,0.0151921379344,0.0176417512362,0.00200325595977,0.0014650228478,-0.00285094708131,-0.00790517950711,0.000357079096814,0.00637080090628,-0.00983907758499,0.00265048631137,0.00993451444998,-0.0059450261795,0.00890024947026,,,,,,,,,,0.000848616334931,,
10:04:00,-0.00599402394021,-0.00204336545159,0.0,0.00116663439248,-0.00170054922329,0.0,0.0,,,0.0,0.00514139950042,0.00774197415362,-0.00564441761968,-0.00183161416369,0.0,0.00729930248161,-0.00274087045209,0.00517288036575,0.0,-0.00265048631137,0.00197511421112,0.000124215887372,0.0,,,,,,0.0,,,,0.00704393614522,0.0,
10:05:00,-0.00301053915287,0.000568020464009,0.0,0.0158090819024,-0.000773933944675,0.0,0.0,,,0.0,-0.0016680571007,-0.00502545996772,0.00226159161606,-0.0052692971623,-0.00198807222539,0.0,-0.00358637563123,0.00556519523182,0.00894860557601,0.0,-0.000263123274771,0.0,-0.00890024947026,,,,,,0.0,,,,0.00130939038536,0.0,
10:06:00,0.00401204148996,-0.000568020464009,,0.00610223098764,-0.00108451478598,0.0,0.0,,0.0,0.0,-0.00321564364813,-0.00479120372675,0.00100351237724,0.00600234545414,0.00186393343806,0.00362976805058,0.00346703676839,-0.00419727793534,-0.00625560574382,0.00418177358769,-0.00660068403135,0.0100105884483,0.00763362485507,,,,,,,,,,-0.00562378462224,0.0,
10:07:00,0.00698257201113,0.00848661387732,,0.0113422766039,0.0,0.0,0.0,,,0.0,-0.000128841074712,0.00103788281242,0.00525198156078,0.001342527815,0.000248262166121,0.000965717119959,0.00488125262309,-0.0010520779508,-0.00269299983219,0.00291687129512,0.00528402814661,0.0,0.00126662461519,,,,,,,,,,0.00384633899782,0.0,
10:08:00,-0.00688247692071,-0.00735089541339,0.0,0.00112718403819,0.000929656094225,0.0,0.0,,,0.0,0.0024451463183,0.00839310240456,0.00336176622403,0.0,-0.00198782522905,-0.000120663650222,0.00213548544791,-0.00527705710084,-0.0042788039608,0.00124748786017,-0.00197824001211,0.00466201310581,0.0,,,,,,0.0,0.0,,0.0,0.00177744562442,0.0,
10:09:00,-0.00310761615437,0.00294684560978,0.0,-0.0109497035107,-0.00046472001456,0.0,0.0,,,0.0,-0.00167234875279,-0.000900495333251,0.000372832913037,0.0,-0.000373157539003,0.0,-0.00451360785288,0.000105814507267,-0.00350421429063,0.00110757314382,0.000132004488344,-0.00367872885746,-0.00126662461519,,,,,,,0.0,,0.0,0.00168098657439,0.0,
10:10:00,0.00310761615437,0.0050798777185,0.0,-0.00685716972614,0.000619578706313,0.0,0.0,,,,0.00244325975075,-0.00904983551992,0.0,0.0,-0.0027407516845,-0.000724287815342,0.0,-0.000105814507267,0.000113231048074,0.00441806600186,-0.00304052055247,-0.00492611833606,0.00379507096855,,,,,,0.0,,,,0.010488795282,0.0,
10:11:00,0.0048924265127,0.00224946670043,0.0,-0.00613498856752,-0.000929512073121,0.0,0.0,,0.0,0.0,0.0020528618962,-0.00325203538638,-0.00485770401584,0.0,-0.00224803391788,0.000844951465564,-0.000595415319763,-0.00509230890371,0.000679117173809,0.00151421324272,-0.000397272070377,0.00492611833606,-0.00151630051796,,,,,,,,,,0.0100143241248,0.0,
10:12:00,-0.00409202626987,0.00783352260035,0.0,0.0205564908826,0.00278594824985,0.0,0.0,,,0.0,0.0123560580978,-0.00430894444855,0.00261861861712,-0.000121973531895,0.00162408680835,0.00120583639355,-0.00178837603551,0.000212698075885,0.00406504624817,-0.00565557752727,0.0,0.00110504032363,-0.00101214583539,,,,,,0.0,,,,0.00519718516535,0.0,
10:13:00,-0.0033057881345,-0.00626190126204,0.0,-0.00150829591189,0.00462606838878,0.0,0.0,,,,0.0102022422794,0.00365726635446,0.00236333215293,0.000243932188062,0.00435947629462,0.00204659073421,0.00178837603551,0.000531547346806,-0.00101471343055,-0.00110726654912,0.0,0.00122639210858,-0.00126662461519,,,,,,,,0.0,,0.00851223105928,0.0,
10:14:00,-0.00462637856243,0.00503497567173,0.0,0.00150829591189,0.00659359898601,0.0,0.0,,,0.0,0.00175284882741,-0.00313398010494,0.00359645702962,0.000609570271846,0.000497017902876,-0.000360858847965,-0.00178837603551,0.00434806348102,0.0064091971799,0.00662528303345,0.0,0.0,0.0113422766039,0.0860994174904,,,,,0.0,,,,0.0107624357218,0.0,
10:15:00,-0.00171517975762,0.00100396014903,0.0,-0.00100527779263,-0.0112196673748,0.0,,,,0.0,0.000750281390704,-0.00288146892232,0.00148441392918,0.00764891727747,-0.000621310986126,0.00204314715628,-0.00155251718053,-0.00434806348102,-0.00235650672928,0.00425561765185,0.0,0.00428056667802,0.00250313021812,,,,,,0.0,,,,0.0158417402081,,
10:16:00,0.00312547514599,-0.000223015165955,0.0,-0.00681218731252,-0.00185643617673,0.0,0.0,,,,-0.00237782478596,0.00601544902726,-0.0050808709588,0.00253669278987,-0.000994901213765,-0.00324695132236,-0.000836970216851,-0.00757458147588,-0.0001123532387,0.00546449447208,-0.00398142529918,-0.000488281259702,0.00623054975064,0.0,,,,,0.0,,,,0.0100468236865,,0.0
10:17:00,0.00652187130855,-0.00581592065481,0.0,0.0,-0.00201503594493,0.0,0.0,,,,-0.00817768915355,0.00520157219607,-0.00598132624361,-0.00362581978081,-0.00373972014008,0.00192539168987,0.00143437748714,-0.00311042241439,0.00280505092761,0.00272109011436,-0.0013306721857,-0.00416004515277,-0.000124231318876,,,,,,0.0,,,,-0.0267810226776,,0.0
10:18:00,-0.000100015002333,-0.000224366166524,0.0,-0.00507615303186,-0.000155171076423,0.0,0.0,,,0.0,-0.00202326826734,0.00762326839305,-0.00187652522696,-0.00145401697736,0.0,0.00120148999195,-0.00131476741583,0.000107417154623,0.00614355464841,0.0,-0.00133244523378,-0.00565598458489,-0.00735710033341,,,,,,0.0,,,,-0.0297231014522,0.0,
10:19:00,-0.00773135032361,0.00592876058467,0.0,-0.000636334733531,0.0,0.0,0.0,,,,-0.00278869492426,-0.00723423901642,0.00487166037505,0.0,0.00373972014008,-0.00216372244531,0.00465366868135,-0.00107469112976,0.00066792833386,-0.00804860766684,0.0,0.00123228604626,0.0,,,,,,0.0,0.0,,,0.0117045959495,,
10:20:00,0.000302343161789,0.000446030337456,0.0,0.0,0.0,0.0,0.0,,,0.0,0.00278869492426,0.00297754119913,-0.00299513514809,0.00640601695133,0.00384974086138,-0.00096315923651,0.00130866713103,0.00920481721302,-0.000111290412446,0.000958313441812,-0.0050795457433,0.00246002584086,-0.00363613967174,,,,,,0.0,,,,0.0339621558998,,0.0
10:21:00,0.00642830658797,0.00555865800383,0.0,-0.000636739913267,0.0,0.0,0.0,,0.0,0.0,-0.00253485560319,0.00412797283803,-0.0013757740898,0.00564667806605,0.00148625244104,-0.00253271557928,0.000831897368078,-0.00277392688272,-0.000668002696851,0.00545852883712,0.00481284351475,0.0,0.00363613967174,,,,,,0.0,,,,-0.00794005053661,0.0,
10:22:00,0.00120072057652,0.00276778477273,,-0.00408476442355,0.0,0.0,0.0,,,,0.000507485420686,0.00115792872378,0.000125148614143,0.000119796346355,0.00862605471977,-0.00314465667947,0.000237557905857,-0.00632336922917,-0.00100284146797,0.0043454712595,0.000133360005532,0.00171842438261,0.0013757740898,,,,,,0.0,,,,-0.00800359986052,,
10:23:00,0.00508703904856,-0.000774207858171,0.0,0.000255787186457,0.0,0.0,,,,,-0.00304878284936,0.0,-0.00388690853603,-0.00143850420394,0.00220615360959,-0.000363482163086,-0.000950570413782,-0.005498369736,-0.000557569013608,0.00944039377909,-0.0045442473281,-0.00049067714429,0.00349345333456,,,,,,0.0,,,0.0,-0.00044652825033,,
10:24:00,0.0,-0.00788673901918,0.0,0.00191632125076,0.0,0.0,0.0,,,0.0,0.0,0.0,0.000502386345659,0.000119954417466,-0.001225039967,-0.000242394862416,-0.000118884860153,-0.00216450300957,-0.00167457477033,0.0,0.0,0.00232857510696,0.00236362615484,,,,,,0.0,,,,-0.0134894131786,,
10:25:00,0.00069620570717,-0.000111526236663,0.0,0.0081352933743,0.0,0.0,0.0,,,0.0,0.00507615303186,-0.00115792872378,0.00325937357623,0.000599556346277,0.00257085285747,0.000969227117309,-0.00130866713103,0.00647950431099,-0.00167738367537,0.0066889881508,-0.000535977501776,-0.00478557880001,-0.00598207167755,,,,,,0.0,,,,-0.013215047637,,0.0
10:26:00,-0.00598326475839,-0.00626540425053,,0.00618415550729,0.0,0.0,0.0,,0.0,0.0,-0.000253196608518,-0.00296525712019,-0.00376175992189,-0.000119882515279,-0.00110098488093,0.00036321811647,-0.00238379135528,-0.00140033415461,-0.000559753722984,-0.00040008002134,-0.0030874579865,-0.000615195343919,0.00249688019859,,,,,,0.0,,,,0.00913248356327,0.0,
10:27:00,-0.000800480330916,-0.00101061150592,0.0,-0.00226728904281,0.0,0.0,0.0,,,,-0.00482295642334,0.00141926351157,-0.00238978794322,0.000119882515279,0.0036652453983,0.00374554899317,0.00452435585439,-0.00107851606658,0.00223713739836,-0.000934142991796,-0.00215343286447,-0.000615574042214,0.0,,,,,,0.0,,,,-0.00913248356327,,
10:28:00,0.00090049533325,0.00101061150592,,0.0,0.0,0.0,0.0,,,,0.00507615303186,-0.000128940751903,-0.00126008081189,0.0,-0.000121958656167,-0.00132746052197,-0.00011880011894,-0.000971659995476,0.00334635002734,-0.00535476513766,-0.0115185229065,0.00098473666254,-0.00249688019859,,,,,,0.0,,,,-0.00912406679876,0.0,
10:29:00,0.00508754651137,0.00871611284036,0.0,-0.0023988396075,0.0,0.0,0.0,,,,0.0,0.00167493436052,0.00364986875511,-0.000239779404098,0.000121958656167,-0.00157109223204,0.00118736656078,0.00280444580311,0.000890472008974,-0.0109320206066,-0.00505569157751,0.00270303641665,-0.00438459831782,,,,,,,,,,0.0,,
10:30:00,0.00496278934213,0.0,0.0,0.0,0.0,0.0,0.0,,,,0.00605756521659,0.00257135652093,0.0,-0.000599700167898,-0.0036652453983,0.002054009059,-0.000118673233391,0.000646064413557,0.00144532795187,-0.0053064958863,0.0,0.00183879916966,-0.00566573753568,,,,,,,,,,-0.010517105642,0.0,
10:31:00,0.00788958727516,-0.00423682203632,,0.00113700978708,0.0,0.0,0.0,,,0.0,-0.00605756521659,0.014278671963,0.00225875362692,-0.000600060024006,-0.00110219838481,0.00156787103215,-0.00106869332739,-0.000646064413557,0.000111092595792,0.0,0.0134705077891,0.0,-0.000505178086015,,,,,,,,,,-0.00949478343305,,
10:32:00,-0.000687859310765,-0.00223713739836,0.0,0.00378072283991,0.0,,0.0,0.0,,,-0.00558518842081,0.0125787822069,-0.00288709169347,-0.00252419149591,-0.00012254151109,0.00384893426807,-0.00023764258667,-0.00898031461197,0.00531798284109,0.00408441684223,-0.000405542418536,-0.000612557446413,0.00428590092592,,0.0,,,,0.0,,,,-0.00539850721536,,
10:33:00,0.00754055377281,-0.00112044829649,0.0,-0.00025160397667,0.0,0.0,0.0,,,,0.00533199181229,-0.00501254182354,-0.000502954870403,0.00132299015027,-0.000490316263806,0.00287700989623,0.0,-0.00065231574394,-0.000110503342839,0.0125567031588,0.0,0.00110233338372,0.00251256413588,,,,,,,,,,0.00672001014508,,
10:34:00,0.0,-0.0013461971968,0.0,-0.00251952766188,0.0,0.0,0.0,,,0.0,-0.000126622349014,-0.00529035117235,0.00339004656387,0.00359928402965,-0.000490556791785,0.000717961021627,-0.000594353657912,-0.000217533174667,-0.0042082011161,0.00495216162957,-0.0130649653705,0.0,-0.00251256413588,,,,,,,,,,0.0185977978392,,
10:35:00,-0.00754055377281,-0.000673778801459,,-0.0036646278454,,0.0,0.0,,,,-0.0100541731447,-0.00101086690438,0.00237871786654,-0.00179802266001,0.00171589697696,-0.000119624379591,-0.000356781831697,-0.00359614619558,0.00321312115118,0.00106752078459,0.0,0.00122339139311,-0.00517057712896,,,,0.0,,,,,,0.0131538483061,0.0,
10:36:00,0.00166969542302,0.00101049803692,0.0,-0.0113312053307,0.0,0.0,0.0,,,,-0.0024332470224,-0.000126430242283,0.000500062518235,-0.00384662092286,-0.000735023921369,-0.00347534653827,0.0,-0.00657176516324,-0.00299119482981,-0.00427693782133,0.0,0.00256426051737,-0.00316596224681,,,,,,,,,,0.0,,
10:37:00,0.00469944080076,0.00436706365618,0.0,0.00383387051072,0.0,0.0,0.0,,,,-0.00501318615323,-0.000505880875845,0.00237188801044,-0.000361380477341,-0.00269971939652,0.00383417675562,0.000356781831697,-0.00440529346792,-0.00144340223805,-0.00214534810092,0.000136976919603,0.00970881412696,-0.0044492541458,,,,,,0.0,,,,-0.0223627873914,,
10:38:00,-0.000195369737849,0.00223214378394,0.0,0.0,0.0,0.0,0.0,,,,0.00744643317564,-0.000253036438597,0.0,-0.00604231445596,-0.00147565201396,0.0031044801053,0.00213802195709,0.00451517754033,-0.00322742475907,0.0013413818242,0.000273897564024,0.00217155351351,0.00495648215566,,,,,,,,,,0.00707703856983,,
10:39:00,-0.00381735891545,0.00333890126551,,-0.0012763243596,0.0,0.0,0.0,,,0.0,0.000255787186457,0.000379530651656,-0.00287195052867,-0.00510391191818,0.000492125994184,0.0,0.00284360381187,0.00405724554586,0.000111464080816,0.0,-0.000410874483627,-0.00350093917065,0.00152014217264,,,,,,,,,0.0,0.0186612024667,,
10:40:00,0.00127407279448,0.00951019000099,0.0,-0.00191754612927,0.0,0.0,0.0,,,,0.0038289772371,0.00126406286583,0.000250062516932,0.0019474202844,0.00392831342389,0.0,0.00448590056945,0.000984413533147,-0.000222940587258,0.00548093077183,-0.00411805660892,-0.00387738278092,0.000759205401518,,,,,,0.0,,,,0.00181983671699,,
10:41:00,0.0018591912983,-0.00951019000099,0.0,0.0,0.0,0.0,0.0,,,,0.0,0.00403429694925,0.00386799409199,0.0012152146349,-0.00380531975791,-0.000238464291103,-0.00294898473816,-0.00131276684426,0.00222717241282,0.00252979297425,0.00164925820781,0.0,-0.000759205401518,,,,,,,0.0,,,-0.00109150456534,,
10:42:00,0.00205088210955,0.0110498361866,0.0,-0.0121010745468,0.0,0.0,0.0,,,,0.00495585231864,-0.000629287038575,0.00174194395174,0.000728420573667,0.0,-0.000954426223728,-0.000118140469155,0.0038240964384,0.00200022291381,0.00265604405812,0.013232578323,-0.00377060593912,0.0,,,,,,0.0,,,,-0.0172576341029,,
10:43:00,0.0135660995267,0.00482351296971,0.0,-0.00220421483085,0.0,0.0,,,,,-0.00495585231864,-0.0051751456618,-0.000497388719531,0.00121285642521,-0.0035729724452,-0.00310819138456,0.000472478156675,0.0,-0.00200022291381,0.0100291154692,0.00419231123177,0.00643792080859,-0.00609448305876,,,,0.0,,,,,,-0.00930239266231,,
10:44:00,-0.00869990987555,0.00610555756248,0.0,-0.00507516217205,0.0,0.0,,,,,-0.0030620080061,-0.000126558248602,-0.00112002998455,-0.00425144885736,-0.00619043700295,0.00107700602764,0.0,0.0,-0.00233866134766,0.00836824967052,0.0,-0.00595059136424,0.00609448305876,,,,,,,,,,0.000934142991797,0.0,
10:45:00,-0.0012629330867,0.0102731371184,0.0,-0.0217614917815,0.0,,,,,,0.000127771034481,-0.000126574267621,0.00112002998455,-0.00182759721902,0.000372508851393,0.00203118535692,-0.00035433768752,0.0,0.000111488934839,-0.00718722466611,-0.00135043909787,-0.000731083254203,0.00630916919326,,,,,,,,0.0,,0.0120651115518,,
10:46:00,-0.000680702121874,-0.00312483417895,0.0,0.0,0.0,,0.0,,,0.0,0.00306161739342,-0.00380469704366,0.0,-0.00587085834978,0.00124069494823,0.0,-0.000590841966966,0.00217865009922,0.00311665434828,-0.00723925504412,-0.00284187213389,-0.000487685939927,0.00476848688733,,,,,,,,,,0.000922083974968,,
10:47:00,-0.00126539171019,-0.00714830293946,0.0,-0.000133342223013,,,0.0,,0.0,,0.0,-0.00152594129304,-0.0012445552322,0.0,0.00433035010122,-0.00298846675107,-0.00201147793077,0.0,-0.00144581018346,0.00369198731608,-0.00393781485148,0.00607904607638,0.0,,,,,,,0.0,,,0.00404709897501,,
10:48:00,-0.00126699495532,0.00325556445977,0.0,0.0120619130883,0.0,,0.0,,,,0.00470170508422,0.0,-0.00236893072569,0.00587085834978,0.0,-0.000359216911005,0.00272044641137,0.00704800965786,-0.00928054964186,-0.0063374915045,-0.0068259650704,0.000121204775617,-0.00476848688733,,,,,,,,,,0.00576634246177,,
10:49:00,0.00437892978216,-0.00325556445977,0.0,0.0103546373752,,0.0,,,,,0.00114032321511,0.00216106357543,-0.00137405555314,0.00158411048785,-0.00346277862709,-0.00119832249211,-0.00248359183897,-0.00704800965786,-0.0038266788396,0.00264550418842,0.0107637799219,-0.000242424243612,-0.000629128677561,,,,,,,,,,-0.0143397989869,,
10:50:00,0.000582411198757,-0.00763778944812,0.0,-0.00903798149044,,,0.0,,,,-0.00101355640249,0.00316957476128,-0.000875383035954,-0.00158411048785,0.0,0.000119896888819,-0.000355302899457,0.00434311214716,-0.000902527137075,0.00605823003971,-0.00638979809877,-0.00595782660839,0.0,,,,,,,,0.0,,-0.00213170292503,,
10:51:00,-0.00496134098091,-0.00835904559311,,0.00929873768487,,0.0,,,,,0.000886918018228,0.00492456327,-0.000375398865699,-0.00354285386764,0.0,-0.000959577859405,-0.00142247534654,-0.00870516922733,0.0,0.00836824967052,0.00245198324729,-0.00244200365555,-0.0037831066557,,,,,,,,,,-0.00492955469722,,
10:52:00,-0.00557431397942,0.00506776450904,0.0,-0.0106153935696,,0.0,0.0,,,,-0.00355240160437,0.00515108871874,0.00835051901688,0.0,0.00346277862709,0.0013191822984,-0.00237529802891,0.0,0.00338028490882,0.00260078170006,0.00664454271867,0.0,-0.00646431048811,,,,,,,,,,0.00511510066677,,
10:53:00,-0.00245471182222,0.0104941933781,0.0,-0.0119285708653,0.0,0.0,,,,,0.00266548358614,0.00250313021812,0.0016122034868,0.0,0.0,0.00179608501855,-0.00118976813559,0.0,0.00112422721228,0.0180185055027,0.000135144266711,-0.00122324174274,-0.000890528651181,,,,,,,,,0.0,0.00185356864932,,
10:54:00,-0.000786782101956,-0.00457766466948,0.0,-0.00400802139754,0.0,0.0,0.0,,,0.0,-0.00228426495264,0.00237218414506,-0.000247862189892,0.00110085021209,0.0,0.0,0.0035650661645,0.0,-0.000224744354244,0.014058872557,0.00391125995954,0.000367129662081,0.000127266942584,,,,,,0.0,0.0,,,0.00461894585629,0.0,
10:55:00,0.00245664153423,-0.00043706294402,,0.00400802139754,,0.0,,,,,-0.00637269554084,-0.00237218414506,-0.000992063573428,0.0,-0.00309119256967,0.000956594596443,-0.00225639903346,-0.000984090615749,-0.00112448004652,0.00614383476049,0.0,0.0,0.00533063833671,,,,,,,,,0.0,-0.00452635755013,,
10:56:00,0.00596899859227,0.000546298839044,,0.00133244523378,,0.0,0.0,,,,-0.00102341060487,-0.00451015547789,-0.000124077176163,-0.00220291363104,-0.000371586057412,-0.000956594596443,0.00462606838878,0.000984090615749,-0.00304242727216,-0.000750281390704,-0.00391125995954,0.00342005952028,-0.00126662461519,,,,,,,,,,0.0,,
10:57:00,0.0,0.00490330592852,,0.00531209748489,,0.0,0.0,,,,-0.00680667881948,0.00175636728127,,-0.00824264985402,-0.00148772653277,-0.00143660984842,0.00319017225719,-0.000109295590032,0.000676895332705,-0.00162754339526,-0.00650761515674,-0.000121943784067,0.0,,,,,,,,,,-0.000833603530883,,
10:58:00,-0.0127640417251,0.00714830293946,,-0.00651121827343,0.0,0.0,0.0,,0.0,,-0.00283907791681,0.00437746931272,-0.00410320749765,0.00308356704399,-0.00111724920069,-0.000359475170129,0.0,-0.00262668422884,0.00236553193946,0.00187769974428,0.00623730835688,-0.005380301558,-0.00253807242847,,,,0.0,,,,,,0.0,,0.0
10:59:00,0.00600957426574,-0.00280990134086,,-0.000133324445235,,0.0,,,,,-0.00804467813287,0.00224383041039,-0.00137148578321,-0.00580499376071,-0.00548014822735,-0.00516672822557,-0.00188924368391,0.0,0.0012368585374,0.000500125041682,,-0.000735925459438,-0.00165320823563,,,,,,0.0,0.0,,0.0,-0.0011125534246,,0.0
11:00:00,0.0,-0.00858654262052,,0.000133324445235,,,0.0,,,,-0.00404673876443,0.00186602032127,0.000498939763375,-0.00285306898241,0.00548014822735,-0.000120474670346,0.00342163038089,0.0,-0.00326411455324,0.0,-0.00243605479788,0.0,0.000636172805984,,,,,,,,,,-0.0020429016298,0.0,
11:01:00,0.000883609109574,0.000763816939313,,-0.00280355300111,,,0.0,,,,0.00130718972862,0.000372786584,0.00497575351748,-0.00298581958575,0.000869079451312,0.00048181162098,0.0105449131766,0.00818558458644,0.00393812042014,-0.0123256496906,0.0,0.00611622701744,0.0,,,,,,,,,,-0.000929973097806,,
11:02:00,-0.000981836112257,0.0,0.0,0.0,,0.0,,,,,0.00586129974999,0.00372024238597,-0.00447706257086,-0.00324473016489,0.0,0.00348620897654,0.00673716103864,0.00217155351351,-0.00314925465544,0.0,0.00243605479788,-0.00599353515789,0.00101703542964,,,,,,,0.0,,,-0.00204899019251,,
11:03:00,0.000981836112257,0.00348432408261,,-0.000668672709636,,0.0,,,,,0.00492292741868,-0.00111462021571,-0.00137199896795,0.0,0.0,0.0,-0.000926569443173,0.0,0.00684818842508,-0.0127357809047,-0.00108195845015,0.00110354986369,0.0,,,,,,,0.0,,,-0.000559544918078,,
11:04:00,0.0011769322661,0.00585240642981,0.0,-0.000669120132025,,0.0,,,,,0.000129224010001,0.0,0.000124804992362,0.00124921940043,0.0,-0.0065013472434,0.00115807772063,0.00389695232287,0.000782866449423,-0.000256377388919,0.00405132221918,-0.00257684663111,0.00228455487102,,,,,,,0.0,,,-0.00373832211061,,
11:05:00,-0.00019605921051,0.00388266234094,,-0.0016077173881,,0.0,,,,,0.0,-0.00248139085139,0.000748503028958,0.0049813303502,,-0.000120794830129,0.00288934035161,0.000108032193698,0.000558815326081,0.00638979809877,0.00403497521218,-0.00159852477937,-0.000380396885332,,,0.0,,,0.0,,,,-0.00103049332272,,
11:06:00,0.00381623830245,-0.00810596170396,,-0.00510822457734,,0.0,0.0,,,0.0,-0.000129224010001,0.00136552687099,0.0,0.0018616201467,0.00223131368144,0.0,0.0058684939148,-0.00422192778676,-0.00560225554867,0.0012730746468,0.0,-0.00567692503253,-0.00190415798569,,,,,,,0.0,,,-0.0064883390913,,
11:07:00,0.00107374699174,-0.00152041732156,0.0,0.0008082985756,0.0,0.0,,,0.0,,-0.00752370911874,-0.00111711052392,-0.00112296474462,0.0,0.0,-0.0016926615092,0.00389328328715,0.0,0.0,0.0065939878793,0.00268096675326,0.0,0.0,,,,,,,,,,-0.00113271675317,,
11:08:00,0.00777457754713,-0.00141388897337,,0.00322667663658,,0.0,,,,,0.0,0.000620771017513,0.00112296474462,0.0076581401939,0.00272041715938,-0.00048414428445,0.00456101132756,0.000216943270186,0.00783439933261,0.0071784200952,0.00294078543712,0.00493828164058,-0.00279934016625,,,,,,,0.0,,,-0.017723189014,,
11:09:00,0.000967585948736,-0.00359810670038,0.0,-0.000805693611464,,0.0,,,,,0.00648931543975,-0.00560086099149,-0.000124711604576,-0.00753415531989,-0.00457949930851,0.000605143740101,0.0113123378287,-0.00217155351351,-0.000111488934839,-0.0184909017127,-0.00160299259546,-0.00493828164058,-0.00767463475311,,,,,,,,,,0.000768787275997,,
11:10:00,-0.00504170158502,-0.0050372423638,,0.0,,0.0,,,,0.0,-0.00388853373969,-0.0038767009097,-0.000998253140048,-0.000868217108802,0.000496093275708,0.00783372490576,0.00560853965961,0.00390540743725,-0.00603893582076,-0.00307259235458,-0.0038845404148,0.0012368585374,-0.00708720188305,,,,,,,0.0,,,0.0174265229875,,
11:11:00,-0.00282279838969,0.00514646632765,0.0,-0.00161333726847,,0.0,,,,,0.011620531023,-0.000752068222964,-0.00124921940043,-0.0011173879119,0.000123984874004,0.0,-0.0101181301656,0.00205505453321,0.0,-0.00953369756455,-0.000134219180122,-0.0012368585374,-0.00220079058342,,,,0.0,,,,,,0.00799214446364,,
11:12:00,0.00398852613001,0.0,0.0,-0.00229002592164,,0.0,,,,,-0.00876746204061,-0.00692044284457,-0.00538949728444,0.00136552687099,0.0,-0.0015618432922,0.00507186209796,-0.000540394501127,-0.000336568130176,0.0,0.00535476513766,-0.00995033085317,0.00504170158502,,,,,,,,,,0.00392560556466,0.0,
11:13:00,0.0,-0.00591523249587,0.0,-0.00866861719795,,0.0,,,,,-0.00285306898241,-0.000505178086015,0.00225960427551,-0.000124061782927,0.00420636522722,-0.00421712776317,0.000561955620295,-0.000540686685246,0.00201771170348,0.00966191091174,,0.0,0.00578593706704,,,,,,,0.0,,,0.00548864115684,,
11:14:00,-0.0012629330867,0.0,0.0,-0.0178429109229,,0.0,0.0,,,0.0,-0.00116951478472,-0.00202326826734,-0.00263670188541,-0.00360450331221,0.00234293220192,-0.00229676740433,-0.0050690055033,0.00108108118637,-0.000223989249453,-0.00836824967052,,-0.000125007813151,0.00766287274557,,,,,,,0.0,,,0.00046375737046,,0.0
11:15:00,-0.00555638218536,0.00591523249587,0.0,-0.0146476776655,,0.0,,,,0.0,0.000779828477263,-0.000379818957532,-0.000503018119258,0.00174172723802,0.00196874679069,0.00024201355394,-0.000564812214959,0.00860683096823,-0.00449035330163,-0.00129366124122,0.0,-0.00187699485752,-0.0126754145691,,,,,,,,,,0.00148257996022,,
11:16:00,-0.0039177327289,-0.00558568891075,0.0,0.0,,0.0,,0.0,,0.0,0.00324275528986,-0.000126638384264,0.0,-0.00186625248568,0.00171947966708,0.00169245688368,0.0,0.00267451349581,-0.00428459331749,-0.0033713724879,-0.000935016430907,0.00200200267067,0.00115897250755,,,,,,0.0,,,,0.00554018037561,,
11:17:00,0.000980873055592,-0.000549299656767,0.0,0.00895361325654,,0.0,,,,0.0,0.00735439738259,-0.000380011404915,0.00251256413588,-0.00174498361616,0.00318549644523,0.000120780240499,0.000677736386498,-0.00213903824875,-0.00555210762816,-0.00325245847115,-0.00307836688255,0.00498754151104,0.00628650476282,,,,,,,0.0,,,0.00183992692201,,
11:18:00,0.000979911886349,-0.00341240905737,0.0,-0.0110637638602,,0.0,,,,,0.00218298642068,0.00025335698134,-0.00150678079739,-0.00199800266267,-0.00490497611232,-0.00217627942259,0.00495608133176,-0.0010712373815,0.00102208855641,-0.00300163357505,-0.00767009075471,-0.00336386039494,0.000127885414843,,,,,,,,,,0.0,,
11:19:00,-0.00196078494194,-0.00165535545166,0.0,0.00126662461519,,0.0,,,,0.0,0.000384738703047,-0.000633512849823,0.0,-0.00425905692038,-0.00418822982265,0.000121028744474,0.0100615717454,0.0,0.00396488766366,0.00287131494581,0.00632870893051,-0.00124875141102,0.0038289772371,,,,,,,0.0,,,-0.0103474685254,,0.0
11:20:00,-0.0049188490716,0.00165535545166,0.0,0.0125787822069,,0.0,,,,,-0.0011546604657,-0.00495522264166,-0.00352467635798,-0.00478168773177,0.00332737998777,0.00024201355394,0.00974105555074,0.00203437084993,0.000678119374991,-0.00287131494581,,0.0,0.00444868862068,,,,,,0.0,0.0,,,0.0029673612278,,0.0
11:21:00,-0.000986679902446,-0.00165535545166,0.0,0.00967526552342,,,,,,,-0.00385852568753,-0.00472391558324,0.0,-0.00353803755471,0.000860849834875,0.00169245688368,-0.000110162489784,0.0,0.00417160535059,0.0,0.00361760962631,0.000874289695359,0.00190053905797,,,,,,,0.0,,,-0.00371057939654,,0.0
11:22:00,0.00344912881972,0.00176561511328,0.00736885560284,0.00261007085465,,0.0,,,,0.0,0.000386523228416,-0.00848225108813,-0.00341060142392,0.00353803755471,0.000982921813994,0.000724462721857,0.00461640740704,-0.000427944801652,-0.00417160535059,-0.000130710411271,0.000133734537143,0.0,-0.00342357527065,,,,,,,0.0,,,0.00018585633359,,
11:23:00,0.00343727320992,0.00330214939576,0.0163217684857,0.000137183620491,,,,,,,-0.00167601405829,0.00270671042353,0.00113816009757,0.00302267232659,0.000613835879565,-0.000724462721857,0.0,-0.00321543685397,0.0,0.0,-0.0081907138005,-0.000499500509886,-0.000381121773018,,,,,,,0.0,,,-0.00018585633359,,0.0
11:24:00,0.0,-0.00197998084704,0.00583598850149,0.0929379956593,,,,,,0.0,-0.00323102058145,-0.000386224658809,0.00290275965796,0.00138234392103,-0.00208858113886,-0.00132954633715,0.0,-0.0026874512278,0.0,0.00664454271867,0.000134816312978,0.00535659954121,0.0,,,,,,,,,,9.29324846171e-05,,0.0
11:25:00,-0.00196270916785,0.000440334661453,-0.00845460711861,-0.0125787822069,,,,,,0.0,-0.000647458747125,-0.0019333640101,-0.00290275965796,0.00351009511702,-0.000369026389574,0.002054009059,0.0,0.00215053846323,0.0,0.0031116322267,0.0,0.00136569640694,-0.00063552591907,,,,,,,0.0,,,-0.000185873606483,,0.0
11:26:00,-0.00117947723522,0.000440140852175,-0.00275068940629,-0.0519597389307,,,0.0,,,-0.00377537022288,-0.00259403517705,0.00604542326103,-0.000252812540849,0.000875602032301,0.00196656897204,0.0,0.0,0.000751597179312,-0.0082818557207,0.00555090820521,-0.000269650803846,0.00433303061106,0.0,,,,,,,,,,0.0038035205184,,0.0
11:27:00,-0.000196714862442,0.000110004950334,-0.000250438268276,0.0,,0.0,,,,-0.0047393453639,-0.00260078170006,-0.00359712618085,-0.00278516447923,0.000125023442058,0.0,-0.00447590416387,-0.00318524076214,0.00684567867553,0.0,0.00552026563914,-0.000404612588971,-0.00185471459659,-0.00190900471592,,,,,,,,,,0.00774768679083,,0.0
11:28:00,9.83622683135e-05,0.0,-0.00678565056579,0.0199333377075,,0.0,,,,0.00851471558677,0.0129367910307,0.000900495333251,-0.0108343421657,-0.000875492520432,-0.00541739812977,-0.00218473202568,-0.00110071557619,0.00191693349435,-0.00835101804589,-0.00140926293261,,0.00185471459659,0.00482908550602,,,,,,,,,,0.0014689683141,,0.0
11:29:00,0.000786550035635,-0.000660211291587,0.00703608883407,-0.00668811095743,0.0,0.0,,,,0.0,-0.000642880125003,0.0,-0.00475304382515,-0.00363522807095,0.00345082915773,-0.00267672626056,0.00110071557619,-0.000958007417993,0.000229726626326,-0.00643089033029,-0.000269832705361,-0.00185471459659,0.0,,,,,,,,,,0.00731264684629,,0.0
11:30:00,-0.000491521268191,,-0.000250438268276,-0.00686561978598,,,,,,0.0,,0.0,0.0,0.0,-0.00345082915773,0.000243635035924,-0.00132100415511,,,,,,,,,,,,,,,,0.0,,
13:00:00,-0.00394089179988,0.0,0.0204531455858,-0.0198026272962,0.0,0.0,0.0,0.0,0.0,-0.0014140940372,0.000385777668258,0.00295307398274,-0.0149188730598,0.0103692602523,-0.00135894764258,-0.00219485516719,0.00450624491725,0.0114359569068,-0.00310577117422,0.0,-0.0014853827591,0.00960716836236,0.0,,,,,,0.0,,,0.0,0.00834396279393,0.0,0.0
13:01:00,0.00344912881972,0.0,0.0158250411444,-0.00609964615672,,0.03206653573,,,,0.0014140940372,0.0,-0.00231035913318,-0.00209341957912,0.0,0.00480977680031,-0.00061053790284,0.0,0.000210548479565,-0.00740058881817,0.0,0.0,-0.0133269494649,0.000887030407272,,,,,,,,,,0.0127435988262,,0.0
13:02:00,0.0,-0.000550509234932,0.0082988028147,-0.00340483815484,,0.00183501594573,0.0,,,0.0,0.000128559491081,0.00448747467583,0.00457367670857,-0.00012429308325,0.00392927813989,-0.0033033614183,0.0,-0.000631778477369,-0.0123789972688,0.0,-0.00121695640737,-0.00236303822415,-0.00012667046695,,,,0.0,,,0.0,,,0.00320513094895,,0.0
13:03:00,0.0,0.00110071557619,0.00585181105014,-0.00396419082461,0.0,-0.00870444063015,,,,0.0,0.0,0.00012791813257,0.0194958082403,0.0,-0.00134894863793,0.00257022355555,0.0,-0.00995033085317,0.0106365329841,-0.00608297999443,-0.00746930884859,0.0122518703534,-0.00177507337087,,,,,,,,,0.0,8.88849385055e-05,,0.0
13:04:00,0.00147456404207,0.000879700958425,-0.0117380674594,0.0308837167379,,-0.00844171820482,,,,-0.00082464515482,-0.00373495185938,-0.00012791813257,0.00497418282164,0.00012429308325,0.0,0.00134367576559,0.0,0.0,0.00556523175503,-0.00038953451119,0.00706332738283,-0.00964041578217,-0.00381437207547,,,,,,,,,,0.00275152172885,,0.0
13:05:00,0.00196270916785,-0.00198041653461,-0.00120554565535,-0.0434260905149,,0.000677966127664,,,,0.00082464515482,0.0025773210143,-0.000255885364753,-0.00395181851534,-0.00012429308325,,0.000976085973056,0.0,0.0,0.00645386589578,-0.00612260103185,-0.00788154643843,0.00816331063916,0.0012730746468,,,,,,,,,,0.00132866842701,0.0,0.0
13:06:00,0.00430444804705,-0.00662985853867,-0.0103062446051,0.0243881110401,0.0,0.007259253622,,,,0.0,-0.00219029914273,-0.00192123017789,0.0,-0.00560923876451,-0.000490978284074,-0.002197534763,0.0,0.00424629088145,0.0,-0.000130676249778,0.0,-0.00741843164755,-0.00242022919233,0.0,,,,,,,,,-0.00239287569311,,0.0
13:07:00,-0.00430444804705,-0.00221975673831,-0.00635776686128,0.0,,0.00687287928776,,0.0,,0.0,0.0,-0.00282449796199,-0.0080795566163,0.0,-0.00307408788042,0.00195360257494,0.0,0.00127037916725,-0.00495193042772,0.0,-0.00396419082461,0.000372231532308,0.00242022919233,,,,0.0,,,0.0,,,-0.025886759195,,0.0
13:08:00,0.000979911886349,0.0,0.0235162351878,-0.00379712959621,,0.00250271257687,,,,0.0,0.00167536607265,0.000514138828806,-0.0110054842929,0.00124921940043,-0.000246335756881,0.0,0.0,-0.00127037916725,-0.00486055811683,0.0127257917872,-0.00274310966137,0.00716937557885,0.00444304126649,,,,,,,,,0.0,0.000910166623313,,0.0
13:09:00,-0.00264796898705,-0.00222469502211,-0.000359475170129,-0.0136801039041,0.0,-0.00183470988002,,,,0.0,-0.0019333640101,0.0,-0.000911755191784,-0.00112422721228,-0.00049285363245,-0.00464605310613,0.0,-0.00339558900114,-0.00803684950178,-0.0120725812343,0.00246913705692,0.00135392967941,-0.00571611591329,,,,,,,0.0,,,0.0016362152546,,0.0171924005404
13:10:00,-0.000196425064469,0.00222469502211,-0.00552819578779,-0.000688942500553,,0.00399867243898,,,,,-0.00400750326269,0.00448747467583,0.0124321725548,0.00112422721228,0.000739189389331,0.00244798163864,0.0,-0.000850701880313,0.00571396808564,-0.000914614292542,0.0,0.00294768083734,0.00508260306347,,,,,,,,,,0.0171098275665,,0.0139518061201
13:11:00,-0.0059107649183,0.00332779009267,0.00624701695209,-0.00691565688467,0.0,0.0104210685869,,,,0.0,0.0,0.00624882477142,0.00385356931599,-0.000124851738723,0.00491401480243,-0.00367422336188,0.0,-0.000106388637794,0.0,-0.00655740054616,0.00451097750796,-0.00049067714429,-0.000253517557449,,,,,,,,,,0.00427655676726,0.0,-0.0311442066605
13:12:00,-0.00336500713407,0.0,-0.000359345994164,-0.0146804454042,,-0.0127516839252,,,,0.0,0.000129525289994,-0.0056093976763,-0.0103093696589,0.000124851738723,0.00440206140064,-0.00479676216456,0.0,-0.000958007417993,-0.00571396808564,-0.0116465053863,-0.0060191700198,-0.000245428888212,0.000253517557449,,,,,,,,,,-0.00338409798424,,0.000525348055161
13:13:00,-0.00836241806966,-0.00310559255815,0.00632951298067,0.0,,-0.0066889881508,,,,0.0,-0.00103667237482,0.0,0.014148145966,-0.00112422721228,-0.0021986084342,-0.00160404747824,0.0,-0.00223892625112,-0.000116952225149,0.0116465053863,0.0057463559409,-0.00294985464642,0.00379507096855,,,,,,,,,,0.0,,-0.000525348055161
13:14:00,0.00657634893043,-0.00434178249552,0.0117168036672,0.00911327723287,0.0,0.0065223075937,,,,0.0,-0.00168688809222,-0.00051150896256,0.0,-0.00237752724145,0.000244528672205,0.00271303656362,0.0,-0.00096107647955,0.0125524660711,0.00485660861396,-0.00670730048599,0.0,0.00252206943271,,,,,,,,,,-0.00089245878302,,0.0
13:15:00,0.00426144047102,0.00178352516345,-0.00223805971268,0.0045951483767,,0.00978692393409,,,,0.0,-0.00481677687137,0.00051150896256,-0.000638773576495,-0.00225762042459,0.0010996396734,0.00430108189939,0.0,0.000213652388378,0.00472432750562,-0.000261917235652,-0.000137353203979,0.00760273435207,0.000503651483827,,,,0.0,,,,,,-0.000714540937868,,0.0
13:16:00,-0.00108840855745,-0.002676482026,-0.00165230770508,0.00180442827778,,0.0,0.0,,,0.0,-0.00235171260724,,0.00102184195888,0.00213233069192,-0.00146645510821,-0.000736015734895,0.0,0.00383795780275,-0.0114458732659,0.0,-0.00302655341772,0.0137096475461,-0.00403633242246,,,,,,,0.0,,,-0.00825412904489,,0.0
13:17:00,-0.00675476890357,-0.000446777623873,0.00165230770508,0.0197727161188,,0.00181413424867,,,,0.0,-0.000130813003,0.00344585881135,0.0,-0.00213233069192,-0.00208116620382,-0.00258032950196,0.0,-0.000851607460453,0.0,0.00457367670857,-0.00275938364933,0.0260465458847,0.000126382306645,,,,,,0.0,,,,0.00646553976464,,0.0
13:18:00,-0.00329456694943,-0.00447878925822,0.00223805971268,-0.00204151142698,,-0.00230946984866,,,,0.0,0.000130813003,-0.00408528590648,-0.00422184468956,-0.00238858621327,-0.00356025175032,0.0,0.0,0.000958007417993,0.0,-0.00195758626952,-0.00512501987482,-0.00270381637713,-0.000126382306645,,,,,0.0,,,,0.0,0.0,,0.0
13:19:00,0.00119928057548,0.0,0.0164540732995,-0.0332440585792,,0.00658438592818,,,,0.0,-0.000261643120279,-0.00860800587294,0.00358331583828,0.00176056383503,-0.00196971625915,-0.000861591535853,0.0,0.000212765958249,0.00649051884466,-0.00523904276252,-0.00013887924472,-0.000588754800639,-0.00278445946263,,,,,,,,,,-0.00538504263089,,0.0
13:20:00,0.00478279110207,-0.00123519189249,0.0183491386682,0.00196988947899,,0.0170805291178,,,,0.0,0.000130830117279,-0.00258398076592,0.000127738391948,0.000125636032579,0.00491703510642,0.00233688071418,0.0,0.00297397988713,-0.00963499240751,-0.00131406063587,0.0,-0.00153238669699,0.000253453302586,,,,,,0.0,,0.0,,-0.00108049713375,,0.0
13:21:00,0.00268030140111,-0.00112422721228,-0.0120035736779,0.000843051897621,0.0,-0.000322632685489,,,,0.0,0.00729930248161,-0.00609876671383,0.000127722076935,-0.000125636032579,0.000612932903038,0.00110504032363,0.0,-0.00649042018812,0.00314447356284,-0.00316080863709,-0.00236390292935,-0.00224387457597,-0.000253453302586,,,,,,0.0,,0.0,,-0.00108166587074,,0.0
13:22:00,-0.00188538879963,0.00728498598686,0.000459928719158,0.0129772280977,,0.000322632685489,,,,0.0,0.0,-0.00208469130874,-0.000127722076935,0.00087912093574,0.0,0.00110382055728,0.0,-0.00406461143616,-0.00349447064977,-0.00105582694248,0.000278396438324,0.00354066226138,-0.000253517557449,,,,,,,,,0.0,-0.0108815001875,,0.0
13:23:00,-0.00178944276798,0.0056789863667,-0.00680549370944,0.0119893946328,,-0.000645369496424,,0.0,,-0.00106038301541,-0.000129878563726,0.00429492428288,-0.00115023336856,0.000125525638777,-0.000612932903038,0.0,0.0,-0.00203851795286,-0.00432673305524,-0.00171809994024,0.00555171446751,0.000117806444149,-0.0036832454163,,,,,,,,,,-0.00511884115891,,0.0
13:24:00,-0.00298953884837,-0.0111658149799,-0.0162187791807,-0.00288085801822,0.0,-0.00745184073619,,,,-0.000353711021786,-0.00612339871791,0.00414723248645,0.0,0.00400852346846,0.000612932903038,0.0,0.0,0.0041798463942,-0.00082068121143,-0.0066357244154,-0.000692281093761,0.000588824135249,-0.00114584008972,,,,,,,,,,-0.0110579821957,0.0,0.0
13:25:00,0.00298953884837,0.000449034583207,0.00328831770175,0.00123566982154,,-0.00358364938014,,,,0.00117855051944,0.00234956380116,0.00490260303347,0.000894740265482,-0.00388301358439,-0.00319136149098,0.000245128080649,,-0.00546947580454,-0.000469263265298,-0.00133244523378,-0.00277392688273,-0.00649621371525,0.0,,,,,,,,,,0.000926183265245,,0.00367165374453
13:26:00,0.00446761725972,0.0,-0.00105578049575,-0.00757527209051,,-0.00457966125902,0.0,,,0.000235543517753,-0.00234956380116,-0.00115897250755,0.000383215180011,0.00388301358439,-0.000122948300395,-0.00122624172324,0.0,0.0,-0.00588444677861,-0.00173483729372,-0.00208550649102,-0.00177904334416,0.00482908550602,,,,,,,,,,0.0120544362816,,0.0114524937318
13:27:00,0.000594177082246,0.00447929080405,0.0209066848193,0.000276472216303,0.0,-0.00575422878325,,,,0.0,-0.00117685531726,-0.00374363052592,0.000510725240927,0.000125007813151,0.000245881486363,-0.00122774723832,0.0,-0.00204532069795,-0.000708466200373,-0.00347872975917,-0.000696136470856,0.0089813886646,0.00631873706054,,,,,,,,,,0.00610953434602,0.0,0.0047506027586
13:28:00,0.0016815870227,0.0,0.00401491792548,0.000138207449602,,0.00575422878325,0.0,,,0.0,0.0,0.00245430595329,0.000382872827088,0.0,0.00392590370514,0.00331146436169,0.0,-0.0022654953322,0.00635819874249,0.000535977501776,0.00278164296188,0.0140189211793,0.0,,,,,,,,,,0.0100403358035,,-0.0191393402107
13:29:00,-0.00178059202253,-0.00425484910184,-0.00424482941057,-0.00221361462831,0.0,0.0130295002903,0.0,,,0.0,0.0,-0.000387121754625,0.00114773971663,0.0033693174696,0.00488580427144,0.00134597756631,0.0,0.00032395659265,0.00608473677011,0.00307630818414,0.0,0.00659076213575,-0.00100831871412,,,,,,,,,,-0.0180725075008,,0.000629921280671
13:30:00,0.0,0.000448732338694,-0.0230269506792,-0.0055555698446,,-0.00145737213067,,,,0.0,0.000130830117279,0.000387121754625,0.00178275865375,0.00149383819638,0.00255552314314,0.00109990845186,0.0,0.00010796221333,0.000116652085288,0.00426439878646,0.00526389911954,-0.00891364355189,0.0,,,,,,,,,,-0.00828200188056,,-0.00136533130489
13:31:00,0.0,0.00380611676314,0.0,-0.00839165763625,,-0.00993412615543,,,,-0.000235543517753,0.000392387684061,-0.00297177038916,-0.000254485304847,0.00124316276577,0.002185262494,0.00024425989374,0.0,-0.000539927662812,-0.00034999708693,0.0,-0.00526389911954,0.0,0.0,,,,,,,,,,0.00699818694036,,0.000210172342094
13:32:00,-0.00476380416587,-0.00425484910184,-0.000117653979782,0.0160226346596,0.0,0.00847462699097,,,,0.00011777869397,0.0,0.00297177038916,-0.00127339887321,0.000124231318876,-0.00425351555806,-0.000488579464953,,-0.00628455855408,-0.000233399464241,-0.00266311741948,-0.00236390292935,-0.000116285830702,0.0112853862317,,,,,,,,,,0.000183503074191,,0.0
13:33:00,0.00238473880902,0.000336568130176,-0.00223805971268,-0.0160226346596,0.0,0.00243131653929,,,,0.000117764823783,-0.000523217801341,0.0080951293335,0.00114613193062,-0.00236303822415,0.00206825306406,-0.000488818291537,0.0,-0.00873367996875,-0.000116720163541,-0.00347268947897,-0.000696330367249,-0.00221200392889,0.0193869133014,,,,,0.0,,,,,0.000550307268772,,0.000315175713068
13:34:00,-0.00258372398528,0.000336454890181,-0.000235876873366,-0.000140459302148,,0.00307120584086,,,,0.0,0.0,-0.00179326293733,0.000127266942584,-0.000498194056885,-0.000364675139275,-0.00134548365965,0.0,0.00065767841897,-0.00538390813609,-0.000401472069628,-0.0039084360195,0.00197939169244,0.0209362036829,,,,,,,,,,0.00402635975864,,-0.000420256362563
13:35:00,-0.00318915956966,0.0089306242137,0.000235876873366,-0.00154635582933,,-0.00307120584086,,,,0.0,0.0,-0.00849754051044,0.00279578273352,-0.00436981780319,0.00254993763327,0.0,0.0,0.00295421189743,-0.000117364004594,0.000133841932877,0.000699056302499,0.000232612236452,-0.0178835118929,,,,,,,,,,0.00981469165323,,0.000105080649496
13:36:00,-0.00179838194138,-0.00367422336188,-0.000235876873366,-0.000562904602536,,-0.00600797455471,,,,0.0,0.0,0.000258564965888,0.00253485560319,0.00436981780319,0.0,-0.000367264495773,0.0,0.00468691249829,0.000938526582264,0.000267630136751,-0.00350017858221,0.00255516979903,0.00777268911967,,,,,,,,,,0.0063103067054,,0.0
13:37:00,-0.000200020002668,-0.00100440832059,-0.00924286708118,-0.000281571168973,,0.00875633939196,,,,,0.0,-0.000387872524095,0.00630916919326,0.0,-0.00315802521662,-0.00183834845572,0.0,0.00043487715406,0.00467946572196,0.000133788213458,0.00350017858221,-0.00278778203548,-0.00157394547899,,,,,,,,,,0.00546669820444,,0.000840247922558
13:38:00,0.0,-0.00627242199841,-0.00525186215495,-0.000422505463647,,0.000484222428959,,,,,0.0,0.000129307558207,0.00188501469577,-0.000249190133361,0.000121647101907,0.000367940152554,,-0.00054362599871,-0.00444497164186,0.00333890126551,0.0,-0.00431311503866,0.0,,,,,,,,,,0.000893335774973,,0.00784317746103
13:39:00,0.00199840194405,-0.0109587042593,0.0144947292361,0.0,0.0,-0.00761322216154,,,,0.0,,0.00309837583267,0.00288347219156,-0.00312012733624,0.00109415851898,0.0,0.0,0.0,0.0046783711061,0.0,0.011118947075,-0.0109239354935,0.000121160719843,,,,,,0.0,,,,-0.00707919977812,,0.0103627870355
13:40:00,0.000199620721293,-0.00421197048215,0.014287630329,-0.00268002135162,0.0,0.00664454271867,0.0,,,,,0.00437299732246,-0.00200501320302,0.0,-0.00109415851898,-0.000613308820206,0.0,-0.0103854445335,0.00697677248565,-0.00333890126551,-0.00512715042661,0.00388990883613,0.00302425682628,,,,,,,,,,-0.0108500160241,0.0,0.00329353941194
13:41:00,-0.00209800766301,-0.00297041232917,-0.0140517534557,0.00422833610952,0.0,-0.00713246661222,,,,0.0,0.0,-0.00192690662743,-0.000878458988536,0.0029955089798,0.00109415851898,-0.00122774723832,0.0,-0.00109950533342,-0.00348230183587,-0.0100841190666,0.00485067821031,0.00235017734495,0.00132778099053,,,,,,0.0,,,,-0.00821547295339,,0.00266803647237
13:42:00,-0.000700315170436,-0.00171772157895,-0.00259771075351,0.0109107251062,0.0,0.00858513412617,,,,0.0,0.0,0.00205523514862,0.00350921528187,0.000747477299035,-0.000729305976169,-0.000614439343448,0.0,-0.00132100415511,-0.000465224479198,-0.00189368377975,0.000691037274406,0.00550127214068,-0.00423089177511,,,,,,,,,,0.00812455973,0.0,0.00225202265308
13:43:00,-0.00270581915852,-0.000458557843642,-0.000946297681215,0.0016680571007,,-0.00809721023262,0.0,,,,0.0,0.00153865910597,0.000750375222803,0.0,0.000607791910767,0.000368708908497,0.0,0.00242050948853,0.0,-0.00474995803842,0.00647251450562,-0.00198633003324,-0.00449220691087,0.0,,,,,,,,,0.0101312490269,0.0,-0.0102775827582
13:44:00,-0.00654419652421,0.00901781123931,-0.00593473551981,0.0,,0.0101917892631,,,,,0.0,-0.000256278832771,-0.000125023442058,-0.00236893072569,0.00194245538799,0.0,0.0,0.00602576460367,0.000465224479198,-0.0027244261505,-0.00467804925771,-0.00515948611723,0.0,,,,0.0,,,,,,0.00466912943072,0.0,0.00206398422085
13:45:00,-0.00506330195655,-0.00798635163265,0.0223670301469,-0.0016680571007,,0.000160939889298,,,,,0.0,-0.00513941771108,0.0027469114538,-0.000124836152712,0.00278568580796,0.000245730434951,0.0,-0.00481770339475,-0.00291121020746,-0.00013641634289,0.00673495776489,0.00515948611723,0.00376511041738,,,,,0.0,,,,,-0.00116524012647,,-0.00413223728491
13:46:00,0.00101471343055,0.000572573734509,0.0,0.00139024073553,,-0.0098650432125,,,,,0.0,0.004754876272,0.00311235856592,0.0,0.00374238379679,0.000614062039559,0.0,-0.00120806120892,-0.00455847905255,0.00489930212431,0.0,-0.000116965904573,-0.000121234163935,,,,,,,,,,-0.00125639431406,,-0.00425333905395
13:47:00,0.0120969217088,0.00627676811107,-0.0128882861924,0.00498892387307,,0.0,,,0.0,,0.0,,0.00012429308325,-0.00224971973402,0.00192608702858,-0.00122850138301,0.0,0.00766287274557,0.00746968926001,0.00730423915642,0.00314573192459,0.000116965904573,-0.000727713798033,,,,,,,,,,-0.00224749499019,,-0.000415930129735
13:48:00,0.00180198266801,-0.00788080145224,-0.00947874395454,0.000138226553541,,-0.000487685939927,,,,0.0,0.0,-0.00552807218681,-0.00161701633592,-0.000125132953927,0.00276226681371,-0.00184558649741,0.0,-0.00997323187875,0.0,-0.00269905696916,0.0,0.00443459706787,-0.00170006112591,,,,,,,,,,-0.00840530955135,,0.0
13:49:00,0.000200020002668,0.0,-0.00632951298067,0.00207110878314,,-0.00146448647117,0.0,,,0.0,0.0,-0.003616173384,-0.00286729611141,-0.0026314155902,-0.00698041106144,-0.00370142310319,,0.000110138223582,0.00579711768433,0.0,0.00599048762174,-0.000232910214166,0.0070243718645,,,,,,,,,,-0.00527801753065,,0.00155884676929
13:50:00,-0.00200200267067,0.000114659175726,-0.0055262033957,-0.00594869292428,,-0.00932522095022,0.0,,,0.0,,-0.00453868379463,-0.00137422721358,0.0,0.00120700075004,-0.00495663963993,0.0,0.0,0.00230946984866,-0.00542006746934,-0.00122241101809,0.00162923345709,-0.00193283461961,,,,,,,,,,0.00527801753065,0.0,0.000830392408107
13:51:00,-0.00250815280721,-0.00080289044859,-0.00980578040481,-0.00919995337533,,-0.013902905169,0.0,,,,,-0.00704320115167,-0.00413404910723,0.00313185348379,0.00168735727633,0.00495663963993,,0.00877198607284,0.00195886448533,0.00190036707117,-0.00476807660365,0.0,-0.00242130868901,,,,,,0.0,,,,0.00840530955135,,0.00393497452964
13:52:00,0.0035096551443,-0.000229515722835,0.0,0.00125953413894,,0.0082988028147,,,,,0.0,-0.00367165374453,0.00300827501873,0.000625195393918,0.000481579590334,,0.0,-0.00459569689479,-0.00195886448533,0.00351970039817,0.00843083590441,0.00348230183587,-0.00121285642521,,,,,,,,,,0.00278614299675,0.0,0.0101795131236
13:53:00,0.00090049533325,0.0,0.00727275932908,,,0.020774444671,,,,0.0,0.0,0.00367165374453,0.00250000130209,0.000624804768843,-0.000120373156932,0.000370759443165,0.0,0.0044865206296,-0.00254071045554,0.000135126005205,-0.000677277370962,0.00381657781267,0.00121285642521,,,,,,,,,,0.000269215239208,0.0,0.00865806274311
13:54:00,0.00309551398013,0.0,-0.00544960476756,0.0,,-0.00405548451042,,,,,0.0,0.00261438057407,-0.00124921940043,-0.000624804768843,0.00144352244482,0.0,0.0,0.00120028384752,0.000231240606881,,-0.000542152358088,0.000807707884448,0.00604231445596,,,,,,,,,,0.0024196812451,,0.00908638255596
13:55:00,0.00189252509298,0.0,0.00181983671699,0.00655191581975,,-0.00685045901984,,,0.0,,0.00352641911842,0.0044288205776,0.00361844552271,0.000624804768843,0.000480711462208,-0.00520318319572,0.0,0.0,0.0,0.0,-0.00285113220089,-0.00810658753299,0.00827888824818,,,,,,,,,,0.00250313021812,,0.0166446260533
13:56:00,0.00506229678039,0.0,-0.00181983671699,-0.00501463650086,,-0.00163800200424,,,,0.0,0.000912230466597,-0.000520020812551,-0.000498318186468,0.0,-0.0020446215554,0.00545027981175,0.0,0.0,-0.00254659241688,-0.00365482640338,0.00298669784876,0.0,0.00250611742838,,,,,,,,,,0.00605307171308,,0.00817054306647
13:57:00,-0.0044654006226,0.000803074671738,-0.0103754363768,0.000558425255332,,0.0117341633216,,,,0.0,-0.00352319800732,0.0,-0.00124688295456,-0.000624804768843,-0.000722630406009,,0.0,-0.00524820797887,-0.00464684851038,-0.00298791475857,0.00176068305795,-0.00139632324293,-0.000357632476841,,,,,,,,,,0.00354358981722,,-0.011834457647
13:58:00,-0.00029840354327,0.00126067290778,-0.00615386557438,0.00487296474187,0.0,-0.0117341633216,,,,,-0.000915451577697,0.00026004420898,0.00286550996549,0.000499875041651,0.0,0.000617474548795,0.0,0.0,0.0,-0.00272405507593,0.010097696031,-0.00314887425619,-0.00922327913492,,,,,,,,,,0.0133522714552,0.0,-0.0180185055027
13:59:00,-0.00119450541776,0.00217378954085,-0.00457836597551,0.0,,0.011410066738,,,,,0.0,-0.00026004420898,0.00149179540346,0.00311857048106,0.0012040940648,0.000246883102105,0.0,0.00306480099792,-0.00314887425619,-0.00218459944884,-0.00214563579701,0.00338173023582,-0.000120344184513,,,,,,0.0,,,,0.0043535114472,,0.00904983551992
14:00:00,-0.00409202626987,-0.00343446244864,-0.00809418527826,-0.00431485115127,,-0.0110822516228,,,,0.0,0.0,-0.00678499471423,0.000745063985789,-0.0033684767675,0.00216372244531,0.00184968299854,,0.0,-0.00175366853852,-0.00795942173774,0.00401929801539,0.00464576909917,-0.000963275209946,,,,,,,,,,0.00692643461787,,-0.00300752106396
14:01:00,0.000399960009331,-0.000803074671738,0.00585927001972,-0.000976903294494,,-0.000327815115212,,,,,0.0,0.00156985903512,0.0014884646757,,0.0026382075501,0.00528354119698,0.0,-0.00273597981888,0.00560094813097,0.00439923722969,0.0134141064447,0.000579206503306,-0.00072306583049,,,,,,,,,,0.0031013119275,0.0,0.00390801639721
14:02:00,0.0,0.0,0.00693673040401,0.0,,0.0127058233171,0.0,,,,0.0,0.00612499471374,0.00148625244104,0.000749531577876,0.00358637563123,0.00097991188635,,0.0,,0.00724393244891,0.00105485241849,-0.0039452360293,0.00648884756946,,,,,,,,,,0.00651579808689,,-0.000100015002333
14:03:00,0.00169804765367,0.000229515722835,0.0214930730549,0.000418789703894,,0.000161851582453,,,,,0.0,0.0,0.00222524507697,0.00261894518963,-0.0034666223229,0.000856635920952,,0.00273597981888,0.000581632075956,0.00786764774586,-0.00502048881183,0.0024386007556,0.0,,,,,,,,,,-0.00531232506275,0.0,-0.000100025006335
14:04:00,0.000997506317126,-0.000229515722835,-0.00108794208374,-0.000698080307581,,-0.000647563564802,,,,,0.0,0.000129912309374,0.00271303656362,0.0019907932418,-0.00600530269819,-0.000611807911405,,-0.000109295590032,-0.00594857997186,0.0131545521039,-0.00664454271867,0.000927428770393,-0.00950726217626,,,,,,,,,,-0.0121004069341,0.0,0.0
14:05:00,-0.000997506317126,0.0,-0.011801341417,-0.00279720462106,,-0.0118922962196,,,,,0.0,0.0,0.00833951362546,-0.000124308533941,-0.00362056876313,-0.000612182449483,,-0.00262668422884,-0.00469044011891,-0.0112647027294,-0.000666888987704,0.00127381176393,-0.00266376232094,,,,,,,,,,-0.00873367996875,,0.0102503758622
14:06:00,0.000798084639329,0.0,-0.0211497587227,0.0145987994212,,0.010920163933,,,,,0.000915451577697,-0.001039771344,0.00268325566529,0.000124308533941,0.00350009409278,-0.00417280919673,0.0,-0.000657750517027,-0.00094073384172,0.0129967663161,0.00731143170637,-0.00127381176393,-0.00340053764657,,,,,,,,,,0.0043763745998,,0.0106363027552
14:07:00,-0.002496132293,0.0,-0.0125787822069,0.0,,0.000324149111428,,,,0.0,0.0,0.00129954534209,0.00764427674371,0.00012429308325,0.00240674003056,-0.000122993665981,0.0,-0.000109667160278,-0.0044806111984,-0.0116490572172,-0.00132538124107,-0.00919626992152,0.000243279407598,,,,,,,,,,0.00435730536896,0.0,0.00410597898198
14:08:00,-0.0102492858627,0.0,0.0,-0.0111035144925,,-0.0114082071692,,,,0.0,-0.000915451577697,0.0037591592651,0.000845768189122,0.0,-0.00228626536022,0.00417332138788,,-0.00417628917805,-0.000472813247579,-0.000269396553353,-0.00398671624382,-0.00574680523722,0.00315725823897,,,,,,,,,,0.00736412251513,0.0,-0.0130605283607
14:09:00,-0.000101004999833,,0.00063271118846,-0.000558425255332,0.0,0.00913695375936,,,,0.0,0.0,0.00657685006557,-0.00362976805058,-0.000372925605665,-0.00108479489936,0.000489835914767,0.0,-0.00110192848616,-0.000354756699753,0.000269396553353,0.00531209748489,-0.00164802862492,-0.00157738308506,,,,,,,,,,-0.00164139814831,0.0,0.0
14:10:00,0.00774768679083,,0.000126494213059,-0.000139655052249,0.0,-0.00799025857269,,,,,0.0,0.00231095237011,-0.00571325932598,0.000372925605665,-0.000120605439452,0.000244828009547,,0.00110192848616,0.00436656149047,0.0100503358535,-0.00145801603137,0.000824353812214,-0.00145825764085,,,,,,,0.0,,,-0.00572272436682,,0.0050283566634
14:11:00,0.00110192848616,0.0,0.0105687949037,0.0,0.0,-0.000163733115389,,,,,0.0,-0.00256805482685,0.00401484814493,-0.00012429308325,-0.00229427136801,0.000611807911405,,0.00209032476135,0.00188235349698,0.00292903950588,0.00238473880902,0.00293858571733,-0.00109509045439,,,,0.0,,,,,,-0.004269972938,0.0,-0.00177182839936
14:12:00,0.000100115132486,,-0.0128481424778,0.000139655052249,0.0,-0.00360892780151,,,,0.0,0.000915451577697,-0.00567304254845,0.00169841118105,-0.000124308533941,-0.000967585948736,0.0,,-0.00429539731967,-0.000117543344244,0.00873599202462,0.000396904152859,-0.0017621149934,-0.000243516377679,,,,,0.0,,,,,-0.00262329636273,,-0.0148886124937
14:13:00,0.0,0.0,0.00278516447923,0.00125601858673,,-0.00609908756226,,,,0.0,0.0,0.00567304254845,0.000121204775617,-0.00298805003198,-0.00242306878912,0.00183318108166,0.0,-0.00542306680199,-0.000705550358525,-0.00475562322957,0.00382864023033,-0.000235183444169,0.0,,,,,,,,,,0.00593628980276,0.0,-0.000300045009002
14:14:00,-0.00090139722664,,0.00617558204415,0.00111513811389,,-0.0113070709147,0.0,,,0.0,-0.000915451577697,0.000257102456745,-0.000242424243612,0.00286372604351,0.00290697879131,0.00243902559936,0.0,-0.0045603771822,-0.00400754897508,-0.00398036879505,0.00800581741667,-0.000117612467057,-0.000487210728274,,,,,,,,,,0.000956979497976,,-0.00390879976505
14:15:00,-0.00926118960804,0.0,0.00376223167619,0.0,0.0,-0.00301457270666,,,,0.0,0.0,0.00128452169236,-0.00169861724899,0.00111835985561,0.00277794731456,0.00121728560375,,0.00200467825238,0.000944398606374,-0.00226259496272,-0.00392927813989,-0.00424328783787,-0.0058651194524,,,,,,,,,,0.00269202541977,0.0,0.00320834444047
14:16:00,-0.00385044553134,0.0,0.00262516558036,0.0,,-0.000838996609329,,,,,0.0,0.0,-0.00377152341947,0.0,0.000120605439452,-0.00365631120311,0.0,0.00133422301314,-0.000944398606374,0.0,-0.00460375689806,-0.0007089684806,-0.00552996800946,,,,,,,,,,0.00596603732334,,-0.00401204148996
14:17:00,-0.00743876666046,0.0,0.0108028616237,-0.00111513811389,0.0,-0.00454278563692,,,,0.0,0.0,-0.00244200365555,-0.000609644596094,0.000372508851393,-0.00193143469024,-0.00146627592253,0.0,0.00122147591668,-0.00224652769623,0.00571316242088,0.0,0.0,-0.000616332839233,,,,,,,,,,0.00344234419097,,0.00100452042601
14:18:00,-0.00677342491132,0.0,0.00591061935003,-0.00139567363898,,-0.0105103527289,,,,,0.0,0.0,0.0,0.00309885590407,-0.000120838620171,-0.000366905159134,,0.00243848491481,-0.00569802111464,0.00765478199976,-0.00131926140506,0.0007089684806,-0.00123380644893,,,,,,,,,0.0,0.000858737708418,,0.00420800140021
14:19:00,0.0030845181766,,-0.0291500460147,-0.00447929080405,,-0.00598241250924,,,,0.0,0.0,-0.00528999362777,0.000121958656167,-0.00185816095583,-0.000846279443604,0.000366905159134,,0.00629037002168,-0.00357782134788,-0.000789162213783,0.000132004488344,0.000472366565231,0.00492611833606,,,,,,,,,,0.00248617728472,,0.000799520330417
14:20:00,0.00705849178845,0.0,-0.000126414259697,-0.00112296474462,0.0,-0.00532876207229,,,,0.0,0.0,-0.00181276755585,0.00583659244445,-0.000992432782113,-0.00205823669732,0.0013441683456,0.0,-0.00662254076049,-0.00311116680291,-0.00369101394521,0.00710248941259,0.0,0.00965836715191,,,,,,,,,,0.000941418187549,,-0.000999500333083
14:21:00,0.0101420747646,,-0.00113844803897,-0.00253129090299,0.0,0.00738390922482,,,,0.0,0.0,0.00168339308125,0.00278467399511,0.00285059373795,0.0,0.0,,-0.00243929603156,0.0,-0.00290967008614,0.00261780254208,-0.00189080651936,0.0,,,,0.0,0.0,,,,,-0.00342759547227,,-0.0120725812343
14:22:00,-0.0100401431606,0.0,0.0245042889634,-0.00296129385126,0.0,0.00119688823385,,,,,0.0,0.000129374474596,0.0010875476874,0.0,-0.0019410414926,0.000122107576927,,0.0046516863145,-0.00288046286535,-0.000132459103446,0.00651468102119,-0.00272431320406,-0.000121676705144,,,,,,,,,0.0,-0.00171821348114,,-0.00813012608325
14:23:00,-0.000917758693898,0.0,-0.011927088836,-0.00297008916449,0.0,0.00221899894756,,,0.0,,,0.00258398076592,-0.00120845936157,0.00247218914539,-0.000485849639096,0.000610314330815,,0.000110491133198,-0.00832784971091,-0.00225449336258,0.00634347392217,-0.00845696184393,-0.00855437209666,,,,,,,,,,-0.00258286841825,,0.0
14:24:00,0.000917758693898,0.0,0.0,0.000849497431803,,0.000681779470758,,,,0.0,,0.0025773210143,-0.00242130868901,0.00246609249519,-0.00352948702064,0.0,,,-0.00681019292641,0.0,0.00784116106978,-0.0078055034542,0.000245428888212,,,,0.0,,0.0,,,,-0.0103987072209,,-0.0133540762113
14:25:00,0.00892953675642,0.0,-0.0110595572409,0.000283005520497,,0.00187250033434,,,,,0.0,-0.000257433390532,0.00230038239344,0.00368777307918,0.00304340121693,-0.00354501929841,0.0,0.00209701528201,0.000609942074415,-0.000265568983104,0.00510856794272,0.00120481942285,-0.00553677206513,,,,,0.0,,,,0.0,-0.00252932846022,,0.00987865617427
14:26:00,-0.00618130356452,0.0,-0.000126382306645,-0.000849256951255,0.0,0.00627280178402,,,,,,-0.00231988762377,-0.00133115527613,0.000858527065672,0.000486085803714,0.00415496137282,,-0.00276014527979,0.00365186041877,0.0023875856945,0.00482908550602,0.00660068403135,-0.000493644339285,,,,,,0.0,,,,0.00226797026733,,0.00245449090295
14:27:00,0.00618130356452,0.0,-0.00113816009757,-0.000283246001044,,0.010591004268,,,,0.0,,0.0,-0.000969227117309,0.000122586576923,0.00339600083807,0.00231439289615,0.0,-0.00498754151104,0.00846950011357,0.00291043994305,0.00152014217264,-0.0028749420856,-0.0112967497681,,,,,,0.0,,,,0.00026135819289,,0.00610999864158
14:28:00,0.00342880529555,0.0,0.00969597723888,-0.000141653091815,,-0.0134682170509,,,,,,0.00501963857256,-0.00303490369515,-0.00110382055728,-0.000121087364682,0.00340095068486,0.0,0.00111049428403,0.0,-0.00185111781009,-0.00622184725686,0.00657621787692,0.000748783262241,,,,,,,,,0.0,-0.00252932846022,,0.00304105657578
14:29:00,0.00351741481188,0.0,-0.00376648279548,-0.000141673160257,,0.0,,,,,0.0,0.0030765310768,0.00182204726995,-0.00344192103781,-0.00254622750479,0.00423498727216,0.0,-0.00355793126051,-0.00604231445596,-0.007438929097,-0.00780005233346,-0.000119182408818,0.00423254708796,,,,,,0.0,,,0.0,0.0,,-0.0134503759968
14:30:00,-0.00351741481188,0.0,-0.00428590092592,0.0,0.0,-0.00748557425266,,,,,0.0,0.00421483477275,0.000970402793278,0.0,-0.000242836329508,-0.00387128477679,0.0,-0.00536074547133,-0.00121285642521,-0.00120072057652,0.0112332046661,0.0,0.0,,,,,,0.0,,,,0.00087290508336,0.0,0.00532024991357
14:31:00,-0.00120882456545,0.0,0.00428590092592,0.0,,-0.00582293133558,0.0,,,,0.0,0.00356234473418,0.00230093955588,-0.00135543117295,-0.00182315456151,0.000121204775617,0.0,-0.00336511815031,-0.0012143292324,-0.00146950797936,-0.00943764178785,-0.00465922830802,0.0123458358223,,,,,,,,,,0.00104648130244,,0.00508906950747
14:32:00,-0.000100801370984,0.0,-0.00428590092592,0.0,0.0,-0.00326882011496,,,,,0.0,-0.00152516552188,0.0,0.0,-0.00109549034144,0.00326698820433,0.0,-0.00371475634022,-0.00365186041877,-0.00428725201162,0.0108329613521,-0.00492168330374,-0.00615386557438,,,,,,0.0,,,,0.0023505865522,,-0.00508906950747
14:33:00,-0.00100857295488,0.0,-0.00101112243195,0.0,,-0.000517107656098,,,,,0.00209123066671,0.00203303754905,0.00145050188613,0.0,0.00121713744334,0.0,0.0,-0.00124132499153,-0.0036652453983,-0.0060602165138,0.00126678506933,-0.0012040940648,-0.000370438974416,,,,,,,,,0.0,0.0119285708653,,0.000510073971783
14:34:00,-0.00100959120135,0.0,-0.00838100143823,0.000991290883412,,0.0,,,,0.0,-0.00209123066671,-0.00203303754905,0.00193073548574,0.00320079061894,-0.00170440752242,0.0,0.0,0.00270636159774,-0.00208295119114,-0.000405323250837,0.00505115356069,-0.000602591160145,-0.000370576250304,,,,,,,,,,0.00522776183099,,-0.000306013160953
14:35:00,-0.0095403139115,0.0,0.0,0.00113170191736,,0.00858374369139,,,,,0.0,-0.00241961276914,0.0078055034542,0.0,0.00255552314314,-0.00217680579365,,0.000900495333251,-0.00874659102449,-0.00528420713356,0.00138460592326,0.00421053253634,-0.00594797292608,,,,,,0.0,,,,0.00409452077628,,0.00437726560373
14:36:00,-0.00265495918232,0.0,0.0,0.0,,-0.00686109037995,,,,,0.0,-0.00485686026313,0.00238948739738,0.0,-0.00194647263402,0.00265989759049,,0.0111883019858,-0.0100728327883,0.0117497468982,0.00476848688733,0.0,-0.00199054556893,,,,,,0.0,,,0.0,-8.51317414208e-05,,0.000507743092909
14:37:00,-0.00204708362172,,0.0,0.00225956881903,,0.000172102229149,,,,,0.0,0.000128114791028,0.000596480781181,-0.00196850457267,0.000973709911402,0.00168898580385,0.0,-0.000111265646846,-0.00576587207824,0.0069574805675,0.00125109487106,-0.00348746670585,0.0,,,,,,,,,,-8.51389894523e-05,,0.00385044553134
14:38:00,0.00408998525153,0.0,0.0,0.00155049717439,,-0.0018947555406,,,0.0,,0.0,0.0,-0.000835172750329,0.000492489544552,0.0,0.000482043875326,0.0,-0.000779206362128,-0.000125715004251,0.00346067162898,-0.000125039074875,-0.00217076785677,0.00855606930818,,,,,0.0,,,,,0.0,,0.00121285642521
14:39:00,0.00203873668985,0.0,0.0,0.00140745976788,,0.0,,,,0.0,0.0,0.0,-0.00923323305194,-0.000246214454032,0.0048543784648,0.00216632651817,0.0,-0.000222741954368,0.0,-0.00346067162898,-0.000875711571569,-0.000120736492751,0.0050495827476,,,,,,0.0,,,0.0,0.0,,0.00503779402996
14:40:00,0.00710302326825,,0.0,0.00140548160874,,0.000172398931554,,,,0.0,,0.00625760294916,0.00120394909799,-0.00024627509052,0.0,0.000120213981031,,-0.00312360807298,0.0,0.0,-0.00125234831647,-0.00193376903384,-0.000860320829811,,,,,0.0,0.0,,,0.0,-0.00213083396201,,0.00110491699253
14:41:00,0.0,,0.0,0.0,,0.00326994525942,,0.0,,,,-0.00191143734527,0.00504081720288,-0.00357782134788,0.000121058047482,-0.000120213981031,0.0,-0.00560225554867,0.0,-0.00534760632659,-0.00225818688359,0.00506818992433,-0.00369549570605,,,,,0.0,,,,0.0,0.0,0.0,-0.00513311982113
14:42:00,-0.00608521147555,,0.0,-0.00281294137661,0.0,-0.00309757604413,,0.0,,,0.0,-0.000893255977215,-0.00455964312888,0.0,0.00290100529816,-0.000120228434169,0.0,-0.00112422721228,0.0,0.00534760632659,0.0,0.0050426328489,-0.00618967066518,,,,,,0.0,,,0.0,0.000170633905371,0.0,-0.0060728931579
14:43:00,-0.00305654848255,,0.0,0.0,,0.0,,,,,,-0.00409364777893,0.000120257350876,0.00111172885269,0.00180886392403,-0.0018051632557,,-0.00360604402481,0.0,0.00664454271867,-0.000879562788376,-0.00468160029188,-0.000372601382936,,,,,,,,,0.0,0.00153439634571,,-0.0152424822049
14:44:00,-0.00737406045272,,0.0,-0.00253843035756,,-0.000344768146839,,,0.0,,0.0,-0.00488307318263,0.0014419613169,-0.000123464411541,0.00240674003056,-0.00386194059525,0.0,0.0,0.0,-0.00384845541667,-0.00440945596342,0.0048013536002,-0.00373366955205,,,,,,0.0,,,0.0,0.000510942700378,,-0.000103087469809
14:45:00,0.0,0.0,0.0,0.0,,0.000344768146839,,,,,0.0,-0.00801866686643,0.0,-0.00173010423778,-0.00300933119071,0.00120845936157,0.0,0.00135379082048,0.0,0.00358351966204,0.00440945596342,-0.00468103837417,-0.00612846643264,,,,,,0.0,,,,8.51317414208e-05,,-0.00309757604413
14:46:00,0.00225895978594,0.0,0.0,0.000564652753568,0.0,0.00309757604413,,,,,,-0.00260044354057,-0.00108127601092,0.000123678189509,-0.00398623466783,0.00241254640538,0.0,-0.00135379082048,0.0,0.0,0.00100515148556,-0.000240644929569,-0.0108477350308,,,,,,0.0,,,0.0,0.0,,-0.00155239358473
14:47:00,-0.00483216896659,0.0,0.0,0.0047867189806,,0.00514139950042,,,,0.0,0.0,0.00311972175553,-0.0022865404992,-0.000742298685575,0.00338328017263,0.0,0.0,0.0,0.0,-0.0115931740169,0.00438569714932,-0.00180668522495,-0.00699971041229,,0.0,,,0.0,,,,0.0,0.0,,0.000517732343949
14:48:00,-0.00134069014049,0.0,,0.00420463128203,,0.00136658716178,,,,,,0.0050488812022,-0.00604231445596,-0.00458972461107,-0.00253638640717,-0.000120489186242,0.0,-0.00566060608063,0.0,-0.000804505272676,0.000125023442058,-0.00301841460681,0.00699971041229,,,,,,0.0,,,0.0,0.0,,-0.00435730536896
14:49:00,-0.00258331324238,0.0,0.0,0.0207619914484,,0.0011942336999,,,,0.0,0.0,0.00206398422085,-0.00242718565761,-0.00436110590901,0.0022951027771,-0.00205054049294,0.0,-0.000340657472209,0.0,-0.000670915825234,0.0139046312215,-0.000967820061026,0.00820970825124,,,,,,0.0,,,0.0,0.0,,-0.00919162518936
14:50:00,-0.0067480141865,0.0,,0.00900046986853,,0.00187377620619,,,,,0.0,0.0042435606663,-0.00121580562089,-0.000999500333084,-0.00108649736046,0.000362165755151,0.0,0.000340657472209,0.0,-0.00376546975306,0.000493035878347,-0.00753253470437,0.00601958175839,,,,,,,,,0.0,0.0,,-0.001575216918
14:51:00,-0.00208550649102,0.0,,0.0105335207571,,-0.00255602081734,,,,0.0,0.0,-0.00372822955466,0.0,-0.00250313021812,-0.00120860541664,0.00168837473778,0.0,-0.000908677936217,0.0,0.00161550923665,0.00369004108745,-0.0122700925918,0.000125023442058,,,,,,,,,0.0,0.0,,0.0
14:52:00,0.00323068385838,0.0,0.0,-0.00552301531904,,-0.00701997575095,,,,,0.0,0.00321481663105,0.000243279407598,0.0018779348242,-0.00108899520714,0.000120489186242,0.0,-0.00913248356327,0.0,-0.00296376345195,0.000613685198763,-0.00247218914539,0.0,,,,,,,,,0.0,0.0,,0.0
14:53:00,0.00715362544734,,0.0,-0.00446761725972,,-0.00171969087953,,,,,0.0,-0.000128394427859,-0.00194789445569,0.00312207559251,-0.00230289175164,0.00108374988029,0.0,0.00901884074254,0.0,0.000134907251469,0.000735925459438,-0.00148625244104,0.00623132624491,,,,,,,0.0,,,0.0,,0.0
14:54:00,-0.00175774227131,,0.0,-0.0191786700306,,-0.00172265331145,,,,0.0,0.0,-0.0029576309093,-0.000487567050127,0.0,0.00230289175164,-0.00108374988029,0.0,-0.00136472214972,,0.0,0.000367759734455,-0.00846407841213,0.00136569640694,,,,,,,,,0.0,0.0,,0.0
14:55:00,0.000724150448031,0.0,0.0,-0.0024927308296,,0.0,,,,0.0,0.0,0.00257234868531,-0.000365831355826,0.000373994893096,-0.0020602322018,-0.00180886392403,0.0,0.00125106641282,0.0,0.0,0.000490136022555,-0.0125787822069,0.0079090871996,,,,,,0.0,,,0.0,0.0,,0.0
14:56:00,0.000620283282578,0.0,,-0.00723632436852,0.0,0.0,,,,0.0,0.0,-0.00218607429694,0.000243902440234,0.00311119658586,0.00242336238796,0.0,0.0,0.00363059168934,,0.00121334696382,-0.000735294150775,-0.00152014217264,0.0020903788737,,,,,,0.0,0.0,,0.0,0.0,,0.0
14:57:00,0.000413308540705,,0.0,0.0069589703243,,,,,,0.0,0.0,0.000257433390532,-0.000121943784067,,,,,0.000905592092679,,,0.000367714657572,0.0,-0.00135209903212,,,,,,0.0,,,,0.0,,
15:00:00,0.000103300449449,0.0,0.0,-0.0069589703243,,0.0,0.0,,,0.0,0.0,-0.000386174942046,0.000243872699659,0.0,0.00265893315948,0.000603318268677,0.0,0.0,0.0,0.0,0.000490075971583,0.0,0.00184331849429,,,0.0,0.0,,0.0,0.0,0.0,0.0,0.0,,0.0
