,node,stock_market_value(million),rdm_node
0,000001.SZ,171630.953579,1317
1,000002.SZ,141101.230991,1644
2,000004.SZ,3229.2051715,1167
3,000005.SZ,8388.16080426,433
4,000006.SZ,18203.984018,1532
5,000007.SZ,5260.4163759,867
6,000008.SZ,6659.7010764,1057
7,000009.SZ,24296.5024012,1634
8,000011.SZ,2620.3531274,559
9,000012.SZ,17376.0453742,288
10,000014.SZ,4834.87333239,1549
11,000016.SZ,13844.9013901,1042
12,000018.SZ,3290.774949,462
13,000019.SZ,3834.2359936,1313
14,000020.SZ,1812.85418091,1193
15,000021.SZ,22414.6690205,510
16,000023.SZ,3468.906,98
17,000025.SZ,3704.22527904,578
18,000026.SZ,5537.0484386,85
19,000027.SZ,17753.4332931,1005
20,000028.SZ,17380.3376121,949
21,000029.SZ,12010.6602,203
22,000030.SZ,6488.82326651,271
23,000031.SZ,34261.1722923,1474
24,000032.SZ,4829.58357686,127
25,000035.SZ,7583.42878145,1054
26,000036.SZ,8934.8476854,818
27,000037.SZ,4500.52768496,1493
28,000039.SZ,40567.8626863,647
29,000040.SZ,6866.61601992,156
30,000042.SZ,11687.2799618,601
31,000043.SZ,10204.5096648,1517
32,000045.SZ,7214.98130067,982
33,000046.SZ,66647.7420452,35
34,000048.SZ,9767.529002,497
35,000049.SZ,9790.1263026,1406
36,000050.SZ,12304.0193709,474
37,000055.SZ,5294.260755,663
38,000056.SZ,4268.7788056,1564
39,000058.SZ,10270.9739372,905
40,000059.SZ,12353.1631001,1614
41,000060.SZ,38321.8456135,352
42,000061.SZ,32796.6900336,1304
43,000062.SZ,38062.812074,1560
44,000063.SZ,66713.686628,855
45,000065.SZ,9299.8499869,1379
46,000066.SZ,23391.5815275,604
47,000068.SZ,9047.41507176,1124
48,000069.SZ,40399.7836935,959
49,000070.SZ,5414.58669594,631
50,000078.SZ,16076.894966,1069
51,000088.SZ,27500.7844855,1232
52,000089.SZ,23131.6092737,504
53,000090.SZ,13398.8717545,1211
54,000096.SZ,9425.1456,740
55,000099.SZ,10775.9320676,620
56,000100.SZ,50824.0997446,1461
57,000151.SZ,8129.5909935,715
58,000153.SZ,3930.5489,291
59,000155.SZ,5879.7,75
60,000156.SZ,4233.76406838,147
61,000157.SZ,50783.9531789,1121
62,000158.SZ,15743.0559,731
63,000159.SZ,5946.88167384,397
64,000166.SZ,53271.5166425,1125
65,000301.SZ,10196.6390447,1577
66,000333.SZ,84393.6754162,1529
67,000338.SZ,33119.0475224,1521
68,000400.SZ,18555.4703112,808
69,000401.SZ,17714.1805186,51
70,000402.SZ,42206.2666915,1187
71,000404.SZ,5639.8263426,1620
72,000407.SZ,5752.5429218,568
73,000409.SZ,4308.25367135,1084
74,000410.SZ,18702.7607309,1213
75,000411.SZ,7218.9829107,257
76,000413.SZ,19742.5840034,1347
77,000415.SZ,29472.9782037,197
78,000416.SZ,9313.81165008,1607
79,000417.SZ,9537.98138125,691
80,000418.SZ,10462.1479703,627
81,000419.SZ,5965.32401334,1292
82,000421.SZ,3959.77065646,450
83,000422.SZ,8067.292285,350
84,000423.SZ,35627.7077905,897
85,000425.SZ,31270.7813675,1176
86,000426.SZ,7951.75630626,1435
87,000428.SZ,7935.11316,966
88,000429.SZ,3650.40279348,245
89,000430.SZ,2832.3514052,443
90,000488.SZ,9912.18401589,133
91,000498.SZ,3251.28182094,531
92,000501.SZ,10397.275485,1586
93,000503.SZ,44000.381922,419
94,000504.SZ,6462.92664585,1048
95,000505.SZ,5157.97185663,500
96,000506.SZ,13933.9475246,599
97,000507.SZ,7837.2593467,97
98,000510.SZ,5338.88581114,1186
99,000511.SZ,14146.5738732,1636
100,000513.SZ,12051.2930181,437
101,000514.SZ,10361.5074502,1459
102,000516.SZ,15205.4852773,1047
103,000517.SZ,17686.5831673,296
104,000518.SZ,6475.77950897,357
105,000519.SZ,8346.94663505,1274
106,000521.SZ,5329.74971386,1336
107,000523.SZ,7684.49482801,965
108,000524.SZ,5838.3893173,736
109,000525.SZ,11341.2117904,1446
110,000528.SZ,13298.5353847,5
111,000529.SZ,9058.14875526,755
112,000530.SZ,3657.6493818,195
113,000531.SZ,9591.137416,1158
114,000532.SZ,10181.6197867,745
115,000533.SZ,8554.430976,48
116,000534.SZ,7982.14223706,1174
117,000536.SZ,4390.1516575,688
118,000537.SZ,6142.30630438,1605
119,000538.SZ,89837.6756628,1372
120,000539.SZ,30055.2148523,636
121,000540.SZ,40491.5660478,1394
122,000541.SZ,11181.7527406,466
123,000543.SZ,19338.9928214,128
124,000544.SZ,6359.2512564,552
125,000545.SZ,4388.90246242,1281
126,000546.SZ,1981.6814043,962
127,000547.SZ,22273.5004113,21
128,000548.SZ,6564.4937549,50
129,000550.SZ,18989.61127,803
130,000551.SZ,5749.15541985,106
131,000552.SZ,4993.1639946,1202
132,000553.SZ,5796.78609915,525
133,000554.SZ,6690.88720485,1331
134,000555.SZ,8664.68391171,1019
135,000557.SZ,5965.28397132,585
136,000558.SZ,17737.9540588,511
137,000559.SZ,50057.2383083,1449
138,000560.SZ,5128.133491,410
139,000561.SZ,8256.4874239,582
140,000563.SZ,17090.3696708,162
141,000565.SZ,6661.71086808,250
142,000566.SZ,20472.1387619,1558
143,000567.SZ,5068.6639164,659
144,000568.SZ,45671.1352832,782
145,000570.SZ,6581.989216,1204
146,000571.SZ,6481.96135878,934
147,000572.SZ,13777.1789294,17
148,000573.SZ,4928.50374192,1333
149,000581.SZ,26271.9732842,403
150,000582.SZ,3021.59507889,1178
151,000584.SZ,11436.8165151,641
152,000586.SZ,3406.21596657,1116
153,000587.SZ,9027.01176066,136
154,000589.SZ,8497.6427184,997
155,000590.SZ,5458.12575015,1083
156,000591.SZ,5964.98495076,356
157,000592.SZ,24930.089726,606
158,000593.SZ,2899.04089881,1566
159,000595.SZ,2764.332396,469
160,000596.SZ,17906.4059848,1438
161,000597.SZ,4137.08351264,763
162,000598.SZ,16561.0018306,370
163,000599.SZ,6827.78430577,19
164,000600.SZ,13411.3586278,1210
165,000601.SZ,9293.4656551,495
166,000603.SZ,10992.8208091,789
167,000605.SZ,3055.633707,386
168,000606.SZ,4782.251208,634
169,000607.SZ,7101.3778472,1594
170,000608.SZ,5939.50933112,1497
171,000609.SZ,4081.6302721,809
172,000610.SZ,3170.07377375,247
173,000611.SZ,3308.69696729,521
174,000612.SZ,10458.9702235,772
175,000613.SZ,3184.101856,955
176,000615.SZ,4072.57124248,1022
177,000616.SZ,14844.705804,1510
178,000617.SZ,4451.106816,605
179,000619.SZ,5148.0,1388
180,000620.SZ,21764.3602394,977
181,000623.SZ,26511.7680912,923
182,000625.SZ,71645.9840212,33
183,000626.SZ,16123.11075,363
184,000627.SZ,15011.3060689,840
185,000628.SZ,2733.6718864,260
186,000629.SZ,25552.709374,1606
187,000631.SZ,11841.4434609,501
188,000635.SZ,4449.32599736,612
189,000636.SZ,8373.28517376,9
190,000637.SZ,4632.37669472,765
191,000638.SZ,6095.18,1108
192,000639.SZ,8606.3535138,1268
193,000650.SZ,20322.0302931,579
194,000651.SZ,190835.385906,1303
195,000652.SZ,14902.4624812,987
196,000655.SZ,11626.9946919,492
197,000656.SZ,20622.1367173,1090
198,000657.SZ,5120.14911585,155
199,000659.SZ,7045.6498096,646
200,000661.SZ,17072.08685,898
201,000663.SZ,2973.76305282,463
202,000665.SZ,4499.6189586,961
203,000666.SZ,5887.38464596,39
204,000667.SZ,17200.460471,1366
205,000668.SZ,5103.28919247,1131
206,000669.SZ,8423.76622266,455
207,000670.SZ,6867.29472,1172
208,000671.SZ,20366.4172245,277
209,000672.SZ,2243.99687021,1588
210,000673.SZ,6858.3168,679
211,000678.SZ,3308.8283172,888
212,000679.SZ,5872.52265312,1580
213,000680.SZ,8469.34874363,1484
214,000681.SZ,8076.60374668,812
215,000682.SZ,8058.9133516,1068
216,000683.SZ,8845.19289216,327
217,000685.SZ,16299.119163,7
218,000686.SZ,32894.2058953,1612
219,000687.SZ,9064.9087441,461
220,000688.SZ,4700.0474277,434
221,000690.SZ,21641.5669585,405
222,000691.SZ,2976.28573861,1079
223,000692.SZ,5157.3963584,831
224,000693.SZ,5052.89782052,1544
225,000695.SZ,5492.03756703,213
226,000697.SZ,14687.5528443,1421
227,000698.SZ,7211.440286,1444
228,000700.SZ,8719.95060415,624
229,000701.SZ,6668.7519666,1301
230,000702.SZ,3332.9155125,1049
231,000703.SZ,14719.7781078,55
232,000705.SZ,4529.95447652,208
233,000707.SZ,5388.70005585,1382
234,000708.SZ,6238.47039225,322
235,000709.SZ,74365.8152952,1041
236,000710.SZ,3234.168,1163
237,000711.SZ,3641.130792,438
238,000712.SZ,19647.0879696,767
239,000713.SZ,4244.005191,2
240,000715.SZ,3451.18901631,400
241,000716.SZ,3828.17014844,1103
242,000717.SZ,12521.433075,930
243,000718.SZ,21206.4504818,577
244,000719.SZ,2377.21329504,1495
245,000720.SZ,14687.4418425,14
246,000721.SZ,5684.8941135,712
247,000722.SZ,10373.8678484,571
248,000723.SZ,3287.35741761,1251
249,000725.SZ,121204.780654,29
250,000726.SZ,7795.109019,480
251,000727.SZ,5443.8194736,1195
252,000728.SZ,74596.518,1144
253,000729.SZ,26097.1315176,249
254,000731.SZ,7917.46743255,1568
255,000732.SZ,31920.7047353,993
256,000733.SZ,11582.9980093,275
257,000735.SZ,8263.97368905,1466
258,000736.SZ,2154.5335845,152
259,000737.SZ,6398.35006118,1070
260,000738.SZ,37989.5002928,1272
261,000739.SZ,7494.18385772,131
262,000750.SZ,33905.9092848,564
263,000751.SZ,14464.9718611,1488
264,000752.SZ,5129.95644256,1001
265,000753.SZ,5683.10402205,315
266,000755.SZ,4992.88323352,507
267,000756.SZ,3715.4121147,1107
268,000757.SZ,4035.1546107,391
269,000758.SZ,17697.6538743,1339
270,000759.SZ,8147.64313377,1066
271,000760.SZ,3796.7422316,1432
272,000761.SZ,21203.5618848,60
273,000762.SZ,9043.135006,211
274,000767.SZ,14824.4070562,1638
275,000768.SZ,107974.611615,110
276,000776.SZ,134071.95166,238
277,000777.SZ,12593.3855922,1147
278,000778.SZ,46128.4003375,1100
279,000779.SZ,3471.5317924,355
280,000780.SZ,9453.33493968,1443
281,000782.SZ,10723.3925595,242
282,000783.SZ,66156.0204591,931
283,000785.SZ,4030.0538529,614
284,000788.SZ,11391.4156854,59
285,000789.SZ,6348.1706784,795
286,000790.SZ,6610.20967007,373
287,000791.SZ,1719.3758631,1271
288,000792.SZ,44453.7721366,1572
289,000793.SZ,30442.8799437,850
290,000795.SZ,4041.1989116,551
291,000796.SZ,6113.7696808,45
292,000797.SZ,11963.4659912,986
293,000798.SZ,5133.54734233,563
294,000799.SZ,4656.66908053,1487
295,000800.SZ,35124.4414606,964
296,000801.SZ,12594.5997606,1437
297,000802.SZ,10910.0236621,545
298,000803.SZ,2371.37461608,1010
299,000806.SZ,18788.2592969,822
300,000807.SZ,12651.2586268,130
301,000809.SZ,6295.9068699,1127
302,000810.SZ,6431.4196128,1595
303,000811.SZ,6108.23350944,1109
304,000812.SZ,8501.42187825,402
305,000815.SZ,7472.83835998,1414
306,000816.SZ,11257.9590605,267
307,000818.SZ,9649.2,1393
308,000819.SZ,9083.31802408,465
309,000821.SZ,8257.64986592,1448
310,000822.SZ,7939.38703491,47
311,000823.SZ,7226.30911286,979
312,000825.SZ,40498.2251688,673
313,000826.SZ,32732.7703453,619
314,000828.SZ,16351.6022842,1077
315,000829.SZ,14059.8590913,401
316,000830.SZ,14581.2421944,1052
317,000831.SZ,19062.69849,57
318,000833.SZ,6270.666231,546
319,000835.SZ,4488.939,869
320,000836.SZ,4963.55233025,1315
321,000837.SZ,4233.13812648,428
322,000838.SZ,3987.4238316,445
323,000839.SZ,36948.3999052,734
324,000848.SZ,13694.8094517,117
325,000850.SZ,11013.3863625,1002
326,000851.SZ,8345.41208729,84
327,000852.SZ,4404.5467675,1428
328,000856.SZ,1995.58644869,709
329,000858.SZ,120323.120319,1309
330,000860.SZ,12898.3116805,1381
331,000861.SZ,21042.9014096,1205
332,000862.SZ,2771.45843563,957
333,000863.SZ,1641.47935872,666
334,000868.SZ,6858.21965758,774
335,000869.SZ,22124.3524198,83
336,000875.SZ,14167.975093,42
337,000876.SZ,33546.4565719,164
338,000877.SZ,10313.7104376,496
339,000878.SZ,28149.629522,1106
340,000880.SZ,2912.15925,1600
341,000882.SZ,16348.5948641,442
342,000883.SZ,46617.7546242,1350
343,000885.SZ,7170.2279544,115
344,000886.SZ,8141.39230204,543
345,000887.SZ,28168.9460074,1476
346,000888.SZ,7865.40145912,910
347,000889.SZ,6262.42755035,615
348,000893.SZ,6796.09372695,729
349,000895.SZ,38765.7607833,1246
350,000897.SZ,15427.2393407,1397
351,000898.SZ,44887.201483,96
352,000899.SZ,8299.9799896,279
353,000900.SZ,10375.4435911,441
354,000901.SZ,21278.2925307,1166
355,000902.SZ,7004.7,926
356,000903.SZ,6910.95018646,1583
357,000905.SZ,8230.5,254
358,000906.SZ,6433.58890692,781
359,000908.SZ,4592.622325,1482
360,000910.SZ,8978.05,1562
361,000911.SZ,4913.0096,854
362,000912.SZ,4861.35,1114
363,000913.SZ,4915.25000148,418
364,000915.SZ,10040.891224,113
365,000916.SZ,9068.58366336,0
366,000917.SZ,35424.2261338,549
367,000918.SZ,13874.232635,517
368,000919.SZ,5362.61193476,1436
369,000920.SZ,9570.96,1151
370,000921.SZ,11000.9574894,701
371,000922.SZ,5115.1759,1587
372,000923.SZ,5128.17669,1115
373,000925.SZ,8316.9317808,980
374,000926.SZ,7481.31646402,1457
375,000927.SZ,15409.3514736,548
376,000928.SZ,7018.72419,797
377,000929.SZ,3987.38667996,1511
378,000930.SZ,18179.1495178,383
379,000931.SZ,9280.2599764,313
380,000932.SZ,14949.1662423,1221
381,000933.SZ,17901.939915,973
382,000935.SZ,2922.6015,753
383,000936.SZ,11439.5941017,269
384,000937.SZ,23010.8659055,411
385,000938.SZ,18647.6872059,1283
386,000939.SZ,13789.2684621,570
387,000948.SZ,8603.5330812,542
388,000949.SZ,7017.56102894,1220
389,000950.SZ,5646.67678605,999
390,000951.SZ,12087.84291,662
391,000952.SZ,3850.7010318,541
392,000953.SZ,3634.3960764,266
393,000955.SZ,4630.197,1478
394,000957.SZ,5754.74731573,141
395,000958.SZ,7727.2952898,375
396,000960.SZ,23197.0394961,444
397,000961.SZ,23242.3841898,1128
398,000962.SZ,6524.2918736,893
399,000963.SZ,27600.9195977,1552
400,000965.SZ,10936.8790095,1249
401,000966.SZ,10966.4709716,105
402,000967.SZ,6136.75065168,842
403,000968.SZ,6437.24991,721
404,000969.SZ,12384.8586053,1429
405,000970.SZ,21953.772,1020
406,000971.SZ,5790.4938,282
407,000972.SZ,11337.8686113,572
408,000973.SZ,9268.812552,1480
409,000975.SZ,9703.97311342,1190
410,000976.SZ,6915.54112668,703
411,000977.SZ,28359.8959716,1608
412,000978.SZ,5473.52,1207
413,000979.SZ,18556.1210998,479
414,000980.SZ,5117.6766,435
415,000981.SZ,21795.87208,722
416,000983.SZ,29873.1219265,1182
417,000985.SZ,3336.92073,1058
418,000987.SZ,10377.5477937,650
419,000988.SZ,15870.7872159,758
420,000989.SZ,8898.3975132,1424
421,000993.SZ,4837.81,832
422,000997.SZ,24329.7143124,142
423,000998.SZ,22536.36,88
424,000999.SZ,29713.5742137,1004
425,001696.SZ,15966.4146579,708
426,001896.SZ,8599.85,1367
427,002001.SZ,18338.0785471,786
428,002002.SZ,13876.3103793,104
429,002003.SZ,5215.46999711,1067
430,002004.SZ,16071.4639283,1387
431,002005.SZ,13380.5515281,669
432,002006.SZ,5079.73830462,927
433,002007.SZ,22162.0684802,244
434,002008.SZ,28180.2617372,125
435,002009.SZ,6438.02509492,1086
436,002010.SZ,6638.35615152,518
437,002011.SZ,12168.9397519,815
438,002012.SZ,6206.56157564,1056
439,002013.SZ,10602.9289587,1215
440,002014.SZ,7828.6864271,560
441,002016.SZ,9090.56554224,139
442,002017.SZ,7393.15069246,900
443,002018.SZ,15658.5175213,960
444,002019.SZ,6284.2538171,16
445,002021.SZ,7052.2627968,65
446,002022.SZ,16215.7503517,67
447,002023.SZ,12365.9227884,971
448,002024.SZ,75592.9261125,439
449,002025.SZ,11234.1675764,1395
450,002026.SZ,4497.5049877,181
451,002028.SZ,8732.244308,534
452,002029.SZ,15863.130528,258
453,002030.SZ,28198.3428806,569
454,002031.SZ,9111.92703084,1348
455,002032.SZ,11479.4735957,1273
456,002033.SZ,6534.71261998,459
457,002034.SZ,2432.74788,212
458,002035.SZ,4507.7781034,906
459,002036.SZ,5421.9603126,1012
460,002037.SZ,11019.2122656,1050
461,002038.SZ,21428.0156249,1377
462,002039.SZ,6315.1385594,1547
463,002040.SZ,4521.58608,1318
464,002041.SZ,15458.6213097,613
465,002042.SZ,11324.8047388,171
466,002043.SZ,5458.5619538,1112
467,002044.SZ,13117.5187381,1380
468,002045.SZ,4520.64091025,706
469,002046.SZ,4774.7348994,851
470,002047.SZ,8721.78971202,149
471,002048.SZ,9571.54957605,512
472,002049.SZ,23088.7368,985
473,002050.SZ,17435.3688016,878
474,002051.SZ,22767.8405965,1591
475,002052.SZ,7744.78699173,1256
476,002053.SZ,5335.78516713,344
477,002054.SZ,3592.84076266,46
478,002055.SZ,23324.2505327,783
479,002056.SZ,12850.2967972,1368
480,002058.SZ,3015.87455115,239
481,002059.SZ,5663.91315604,938
482,002060.SZ,7465.19549238,201
483,002061.SZ,7695.07863394,1169
484,002062.SZ,7662.50233308,1440
485,002063.SZ,12146.4923456,754
486,002064.SZ,12093.8854666,1516
487,002065.SZ,38467.4740962,1224
488,002066.SZ,5451.6,338
489,002067.SZ,8884.8655,1642
490,002068.SZ,5961.32768772,1410
491,002069.SZ,12615.0259105,739
492,002070.SZ,7503.37607916,1458
493,002071.SZ,6624.0579556,550
494,002072.SZ,3608.0,235
495,002073.SZ,14388.6578913,970
496,002074.SZ,5539.74493737,716
497,002075.SZ,52016.738466,903
498,002076.SZ,3488.72558884,185
499,002077.SZ,4593.96,472
500,002078.SZ,11623.0089718,1149
501,002079.SZ,7900.48702278,224
502,002081.SZ,47328.2717644,1089
503,002082.SZ,2766.25305917,1340
504,002083.SZ,7408.25865779,608
505,002084.SZ,5254.7925446,1501
506,002085.SZ,23052.5866606,302
507,002086.SZ,5614.661046,264
508,002087.SZ,4411.55608137,748
509,002088.SZ,3360.36439972,719
510,002089.SZ,11159.4629451,24
511,002090.SZ,5645.623034,685
512,002091.SZ,9158.30004199,1355
513,002092.SZ,12660.7862765,1113
514,002093.SZ,13646.597728,183
515,002094.SZ,6214.7616822,1403
516,002095.SZ,16059.3801776,494
517,002096.SZ,8681.00058,975
518,002097.SZ,5964.85837561,49
519,002098.SZ,4541.5,69
520,002099.SZ,8329.60602828,371
521,002100.SZ,8972.36268462,920
522,002101.SZ,5773.780359,1590
523,002102.SZ,3505.19877048,1314
524,002103.SZ,5403.49899484,360
525,002104.SZ,13509.2119816,158
526,002105.SZ,3979.8,488
527,002107.SZ,5065.70270874,8
528,002108.SZ,8695.97930418,597
529,002109.SZ,3060.736,1305
530,002111.SZ,8526.8735475,726
531,002112.SZ,3081.49856658,1051
532,002113.SZ,3247.63651264,297
533,002114.SZ,1713.0019575,972
534,002115.SZ,5118.16043179,680
535,002116.SZ,7992.83506531,1375
536,002117.SZ,12130.1052609,1197
537,002118.SZ,8869.2648018,876
538,002119.SZ,4676.336,123
539,002120.SZ,2355.2162415,310
540,002121.SZ,8064.61406751,1003
541,002122.SZ,11426.7223814,874
542,002123.SZ,10122.7333975,1537
543,002124.SZ,2979.0253,1253
544,002125.SZ,2807.65583088,331
545,002126.SZ,5980.77105696,773
546,002128.SZ,21863.7138557,1425
547,002129.SZ,30839.4675429,522
548,002130.SZ,7734.43166616,942
549,002131.SZ,12095.9266494,215
550,002132.SZ,5327.38257938,1258
551,002133.SZ,4954.10563572,547
552,002134.SZ,3228.00745384,841
553,002135.SZ,8188.5733026,102
554,002136.SZ,2969.1006432,446
555,002138.SZ,11083.4836635,1550
556,002139.SZ,3781.90351421,425
557,002140.SZ,9778.43217936,34
558,002141.SZ,4243.44704,237
559,002142.SZ,60808.7096181,1015
560,002143.SZ,3697.353462,122
561,002144.SZ,4950.2273182,1261
562,002145.SZ,3594.38271936,324
563,002146.SZ,41951.2579,1545
564,002147.SZ,3067.65441839,589
565,002148.SZ,4625.89229265,837
566,002149.SZ,4969.9698,1160
567,002150.SZ,3509.6976,865
568,002151.SZ,6845.89476915,675
569,002152.SZ,27912.6041317,1267
570,002153.SZ,21195.3316145,592
571,002154.SZ,9983.01933282,1530
572,002155.SZ,12380.9386906,1409
573,002156.SZ,12126.5129952,1376
574,002157.SZ,6894.17588685,1540
575,002158.SZ,6332.88348,1627
576,002159.SZ,3742.65389755,1337
577,002160.SZ,4341.1888625,56
578,002161.SZ,15143.0867469,364
579,002165.SZ,5385.55583214,695
580,002166.SZ,4124.2640267,1235
581,002167.SZ,5672.59108218,287
582,002168.SZ,11528.8339338,399
583,002169.SZ,6624.5398224,1072
584,002170.SZ,15071.9469381,1055
585,002171.SZ,7144.07481864,333
586,002172.SZ,5805.5362416,1189
587,002173.SZ,1260.9014052,460
588,002174.SZ,8163.17145192,954
589,002175.SZ,9575.3712105,270
590,002176.SZ,11880.8949291,508
591,002177.SZ,8620.92218904,1430
592,002178.SZ,8795.58686828,1373
593,002179.SZ,19061.023707,637
594,002180.SZ,4760.39894,68
595,002181.SZ,16275.9020781,779
596,002182.SZ,3461.97116802,509
597,002183.SZ,66593.8875977,1198
598,002184.SZ,6136.93794448,220
599,002185.SZ,12555.4158988,909
600,002186.SZ,7330.77268784,1385
601,002187.SZ,6278.0555178,470
602,002188.SZ,4689.4689,362
603,002189.SZ,5963.705269,1075
604,002190.SZ,17601.1555982,658
605,002191.SZ,21722.4140192,1548
606,002192.SZ,3513.87778519,221
607,002193.SZ,3806.4536426,1123
608,002194.SZ,7541.44687601,1514
609,002195.SZ,10986.0148276,847
610,002196.SZ,2226.58091392,343
611,002197.SZ,9371.34042988,1254
612,002198.SZ,5522.6060736,863
613,002200.SZ,2918.93425133,1085
614,002201.SZ,4396.860371,353
615,002202.SZ,41820.7351145,1477
616,002204.SZ,12901.5518138,272
617,002205.SZ,3180.24225284,1188
618,002206.SZ,5774.265495,1563
619,002207.SZ,3733.97014947,870
620,002208.SZ,5509.94004524,412
621,002209.SZ,2686.56780175,1364
622,002210.SZ,16281.0444839,1502
623,002213.SZ,2233.90215147,1630
624,002214.SZ,6369.66752927,1405
625,002215.SZ,11775.7540897,478
626,002216.SZ,8233.63363646,259
627,002217.SZ,8263.87633658,983
628,002218.SZ,5025.47835923,922
629,002219.SZ,26841.4229,1579
630,002220.SZ,5561.79195012,226
631,002221.SZ,13344.8555914,738
632,002222.SZ,5424.78401761,632
633,002223.SZ,15232.698151,1168
634,002224.SZ,7971.54535762,540
635,002225.SZ,5221.13955,1463
636,002226.SZ,10425.6593633,62
637,002227.SZ,6925.03695,1038
638,002228.SZ,10025.3843763,1236
639,002229.SZ,4910.58455172,515
640,002230.SZ,31246.6622686,92
641,002231.SZ,4009.84725,844
642,002232.SZ,7554.4250481,566
643,002233.SZ,13111.6620249,1244
644,002234.SZ,3277.56581216,233
645,002235.SZ,4074.74693475,1386
646,002236.SZ,21165.7911125,1433
647,002237.SZ,9625.077,995
648,002238.SZ,9896.5152,621
649,002239.SZ,7209.06515064,1290
650,002240.SZ,4966.096428,294
651,002241.SZ,43986.6648033,1643
652,002242.SZ,14532.328486,711
653,002243.SZ,4276.7435928,533
654,002244.SZ,21129.7092936,785
655,002245.SZ,8370.00507915,36
656,002246.SZ,6540.38413416,382
657,002247.SZ,5816.0594,1269
658,002249.SZ,11606.8039913,432
659,002250.SZ,12332.2304,1141
660,002251.SZ,14126.4304836,1469
661,002252.SZ,64691.7095674,720
662,002253.SZ,5650.45848675,1013
663,002254.SZ,8192.0916931,240
664,002255.SZ,4676.12627765,940
665,002256.SZ,6926.68368,664
666,002258.SZ,5850.5805337,1460
667,002259.SZ,6240.61417324,537
668,002260.SZ,10790.988,26
669,002261.SZ,10654.8811376,956
670,002262.SZ,12802.1226841,448
671,002263.SZ,9172.25687245,1358
672,002264.SZ,5507.6976073,384
673,002265.SZ,5296.6732,200
674,002266.SZ,14999.1026731,1596
675,002267.SZ,15750.8105515,1308
676,002268.SZ,28049.9406538,1351
677,002269.SZ,29725.2902319,642
678,002270.SZ,2756.30734288,586
679,002271.SZ,11238.9517861,1293
680,002273.SZ,10827.2164375,823
681,002275.SZ,13576.0705708,328
682,002276.SZ,29161.1833686,189
683,002277.SZ,9714.663816,889
684,002278.SZ,3581.70558643,914
685,002279.SZ,4818.055599,414
686,002280.SZ,5875.961494,74
687,002281.SZ,7828.87543904,1023
688,002282.SZ,2758.5417636,520
689,002283.SZ,9537.9705762,1439
690,002284.SZ,13130.3154835,300
691,002285.SZ,26191.9865776,907
692,002286.SZ,4138.274007,1610
693,002287.SZ,15716.26,607
694,002288.SZ,9423.71563678,427
695,002289.SZ,5645.05739205,1324
696,002290.SZ,4895.00253793,404
697,002291.SZ,6231.4525,1080
698,002292.SZ,24239.90087,1554
699,002293.SZ,12660.531312,640
700,002294.SZ,13132.548,1363
701,002295.SZ,3677.9478939,575
702,002296.SZ,6078.39279168,1499
703,002297.SZ,6610.33746615,1065
704,002298.SZ,8948.5459575,824
705,002299.SZ,18266.2360755,1541
706,002300.SZ,5218.51910594,1183
707,002301.SZ,9968.7688992,231
708,002302.SZ,5502.24898083,1604
709,002303.SZ,14377.5418059,699
710,002304.SZ,85191.2263469,1312
711,002305.SZ,8911.61573632,791
712,002306.SZ,5647.404435,895
713,002307.SZ,7712.9808612,387
714,002308.SZ,19974.5571088,166
715,002309.SZ,10415.8031773,919
716,002310.SZ,16652.6678633,1472
717,002311.SZ,20900.5771394,284
718,002312.SZ,20293.9785249,236
719,002313.SZ,4502.121,725
720,002314.SZ,7433.566748,93
721,002315.SZ,5791.429248,1064
722,002317.SZ,6681.67309847,583
723,002318.SZ,16953.7546157,639
724,002319.SZ,4388.81928755,1553
725,002320.SZ,11681.7836448,912
726,002321.SZ,5200.07806728,1626
727,002322.SZ,5728.0024527,502
728,002323.SZ,2687.081488,1234
729,002324.SZ,5428.5469772,1021
730,002325.SZ,12635.1921934,73
731,002326.SZ,11219.4197307,1338
732,002327.SZ,5572.45476274,422
733,002328.SZ,4585.789376,299
734,002329.SZ,8700.45065527,1039
735,002330.SZ,5250.0514,477
736,002331.SZ,5676.02438364,1442
737,002332.SZ,8098.90876224,1033
738,002333.SZ,4779.3765906,346
739,002334.SZ,6356.51312086,1462
740,002335.SZ,6618.3806268,746
741,002336.SZ,10212.0,981
742,002337.SZ,7323.9145875,255
743,002338.SZ,8627.573474,1645
744,002339.SZ,9896.07932,928
745,002340.SZ,17774.4549002,22
746,002341.SZ,4913.21351488,757
747,002342.SZ,7824.87751875,1334
748,002343.SZ,3730.14305862,421
749,002344.SZ,21650.2426897,849
750,002345.SZ,15160.023699,1561
751,002347.SZ,3547.7323596,323
752,002348.SZ,5792.13698466,348
753,002349.SZ,8120.1761758,1455
754,002350.SZ,5014.609425,1082
755,002351.SZ,4776.502116,396
756,002352.SZ,1583.9346346,1489
757,002353.SZ,28175.6955801,817
758,002354.SZ,5173.75480478,1616
759,002355.SZ,3775.53631402,1284
760,002356.SZ,5863.2,1154
761,002357.SZ,4660.54647097,890
762,002358.SZ,14351.0546957,811
763,002359.SZ,3288.97559249,78
764,002360.SZ,4362.5223628,692
765,002361.SZ,3640.431385,881
766,002362.SZ,5542.06048396,161
767,002363.SZ,10098.0031162,453
768,002364.SZ,12118.1479541,1426
769,002365.SZ,2955.3123988,526
770,002366.SZ,7902.88760532,202
771,002367.SZ,10381.4491366,946
772,002368.SZ,20191.2484917,1062
773,002369.SZ,7435.72405773,89
774,002371.SZ,12822.842778,1203
775,002372.SZ,9018.39939,312
776,002373.SZ,9423.32408316,1621
777,002374.SZ,4311.43923126,173
778,002375.SZ,30556.0559732,1143
779,002376.SZ,9822.87381,1411
780,002377.SZ,5740.58367,732
781,002378.SZ,14387.9785056,553
782,002379.SZ,5650.09365,1522
783,002380.SZ,3012.97189608,1585
784,002381.SZ,3342.62925295,684
785,002382.SZ,6521.54470653,1464
786,002383.SZ,6278.36653409,532
787,002384.SZ,9938.04160795,932
788,002385.SZ,20812.2831706,1639
789,002386.SZ,5709.044873,1392
790,002387.SZ,4438.90356449,430
791,002388.SZ,5011.85602209,536
792,002389.SZ,7499.4509384,1260
793,002390.SZ,13121.3975432,1361
794,002391.SZ,4269.8563736,638
795,002392.SZ,4849.17378624,902
796,002393.SZ,8303.90001768,214
797,002394.SZ,5010.876,1471
798,002395.SZ,3656.5827,760
799,002396.SZ,16903.539,66
800,002397.SZ,4232.6118921,1046
801,002398.SZ,5890.79902762,653
802,002399.SZ,27198.798,317
803,002400.SZ,20363.8431109,686
804,002401.SZ,7212.48499545,217
805,002402.SZ,7023.50325,100
806,002403.SZ,5194.8552,120
807,002404.SZ,5065.26788517,1629
808,002405.SZ,28863.3992046,671
809,002406.SZ,4027.7778813,1199
810,002407.SZ,5329.83715985,801
811,002408.SZ,12771.6074725,406
812,002409.SZ,2451.141,225
813,002410.SZ,16752.4691256,1035
814,002411.SZ,4366.6715199,186
815,002412.SZ,7241.06875,968
816,002413.SZ,11470.2478394,340
817,002414.SZ,18274.0284896,735
818,002415.SZ,141141.105549,1400
819,002416.SZ,20206.8447291,1145
820,002417.SZ,3192.03833108,1316
821,002418.SZ,5505.14424464,349
822,002419.SZ,13603.4,1032
823,002420.SZ,4371.99605,1088
824,002421.SZ,9104.08795842,377
825,002422.SZ,14235.0730522,1528
826,002423.SZ,7517.9865,802
827,002424.SZ,14129.025856,1295
828,002426.SZ,8936.82075,989
829,002427.SZ,6979.45085201,1601
830,002428.SZ,14884.7450284,1419
831,002429.SZ,20459.6813232,694
832,002430.SZ,10699.4203336,1398
833,002431.SZ,8799.16035224,436
834,002432.SZ,10416.0,935
835,002433.SZ,8502.584,1633
836,002434.SZ,9652.6776921,730
837,002435.SZ,2774.0883045,1575
838,002436.SZ,5851.2481418,868
839,002437.SZ,20335.0,424
840,002438.SZ,3929.42106741,169
841,002439.SZ,18584.5095548,918
842,002440.SZ,13777.4882255,476
843,002441.SZ,7981.1172855,1447
844,002442.SZ,3200.72216755,114
845,002443.SZ,7784.53894735,1031
846,002444.SZ,16714.4903402,602
847,002445.SZ,12955.9918676,1506
848,002446.SZ,3696.92014273,1025
849,002447.SZ,7151.025,281
850,002448.SZ,6267.99311536,218
851,002449.SZ,7284.672406,1132
852,002450.SZ,43728.6436758,1185
853,002451.SZ,4320.883914,759
854,002452.SZ,3209.88221542,1060
855,002453.SZ,6097.64307125,276
856,002454.SZ,5494.2644036,1252
857,002455.SZ,3736.16363184,330
858,002456.SZ,24223.714684,87
859,002457.SZ,4103.81760957,777
860,002458.SZ,3803.42392682,892
861,002459.SZ,4734.30167658,1556
862,002460.SZ,6152.2023596,1343
863,002461.SZ,17955.6982594,610
864,002462.SZ,10418.9906403,950
865,002463.SZ,13971.8482791,191
866,002464.SZ,1497.45167196,451
867,002465.SZ,29506.2263812,1354
868,002466.SZ,10199.58324,821
869,002467.SZ,11570.479971,129
870,002468.SZ,6462.99648,332
871,002469.SZ,5584.6127168,929
872,002470.SZ,25728.0868,804
873,002471.SZ,12969.3324228,1494
874,002472.SZ,5987.73375675,1208
875,002473.SZ,5280.0,263
876,002474.SZ,8519.87632172,853
877,002475.SZ,38209.0091991,1559
878,002476.SZ,8430.72900897,321
879,002477.SZ,10129.4096256,1011
880,002478.SZ,4624.90159945,1389
881,002479.SZ,13426.14083,603
882,002480.SZ,9008.1713808,1218
883,002481.SZ,15592.5925994,79
884,002482.SZ,13097.9142021,1628
885,002483.SZ,6300.0,523
886,002484.SZ,7251.5540328,1542
887,002485.SZ,5065.6,827
888,002486.SZ,6572.105,1081
889,002487.SZ,7128.0,395
890,002488.SZ,10602.9338598,593
891,002489.SZ,20123.576122,1523
892,002490.SZ,3602.1803175,1104
893,002491.SZ,19593.5241043,188
894,002492.SZ,3676.04846175,1565
895,002493.SZ,21645.153,609
896,002494.SZ,5575.52707248,1229
897,002495.SZ,3897.64960333,751
898,002496.SZ,6159.2811501,799
899,002497.SZ,5802.35782581,341
900,002498.SZ,22062.8214675,1613
901,002499.SZ,5858.046719,668
902,002500.SZ,45016.4160951,30
903,002501.SZ,10727.5428766,222
904,002502.SZ,4190.6376912,1165
905,002503.SZ,11889.5614336,1452
906,002504.SZ,2989.54089756,794
907,002505.SZ,5885.19764356,1531
908,002507.SZ,4253.41919105,292
909,002508.SZ,18089.1375,420
910,002509.SZ,5053.8197295,1101
911,002510.SZ,4860.96861,858
912,002511.SZ,6791.89991724,557
913,002512.SZ,5596.75138864,1302
914,002513.SZ,3925.6704,994
915,002514.SZ,5276.1549975,1177
916,002515.SZ,4560.9964425,499
917,002516.SZ,3765.14249991,780
918,002517.SZ,7510.464,72
919,002518.SZ,8694.84592222,1546
920,002519.SZ,8073.4331804,894
921,002520.SZ,10253.1336464,1045
922,002521.SZ,5617.66097808,109
923,002522.SZ,13573.9388324,702
924,002523.SZ,3078.66379618,1415
925,002524.SZ,5891.59378551,193
926,002526.SZ,5550.332592,588
927,002527.SZ,8413.41521538,1307
928,002528.SZ,7794.870039,1342
929,002529.SZ,4146.0,820
930,002530.SZ,4497.9282234,440
931,002531.SZ,11981.5808038,1391
932,002532.SZ,4479.87717015,856
933,002533.SZ,6446.4174,165
934,002534.SZ,8293.725104,990
935,002535.SZ,4233.85133976,657
936,002536.SZ,2341.5899085,506
937,002537.SZ,4683.0,229
938,002538.SZ,7634.3498,157
939,002539.SZ,5219.4294488,1091
940,002540.SZ,10224.2853125,262
941,002541.SZ,3182.2036,998
942,002542.SZ,4384.4989,1507
943,002543.SZ,7898.0055,590
944,002544.SZ,17922.6969162,374
945,002545.SZ,3083.00065114,1087
946,002546.SZ,7137.25840865,705
947,002547.SZ,6064.3524435,1416
948,002548.SZ,4916.67,1294
949,002550.SZ,8549.67867578,1483
950,002551.SZ,9679.20294551,806
951,002552.SZ,3451.6875,392
952,002553.SZ,3259.96460217,1341
953,002554.SZ,3638.63728479,826
954,002555.SZ,7124.544,99
955,002556.SZ,9270.1457565,329
956,002557.SZ,8304.66000246,1248
957,002559.SZ,5476.83005228,280
958,002560.SZ,2306.92076822,539
959,002561.SZ,6373.898454,1227
960,002562.SZ,2121.5971,984
961,002563.SZ,22150.710503,40
962,002564.SZ,6184.733864,683
963,002565.SZ,6907.7469,135
964,002566.SZ,4694.1884623,248
965,002567.SZ,5164.2288,1378
966,002568.SZ,14141.9411875,1170
967,002569.SZ,2819.78053209,268
968,002570.SZ,19771.4056381,838
969,002572.SZ,10316.8666481,1230
970,002573.SZ,22011.6509644,64
971,002574.SZ,11065.7909006,1105
972,002575.SZ,9603.4752,423
973,002576.SZ,3578.24185444,682
974,002577.SZ,21995.7585297,1578
975,002578.SZ,2854.561575,1632
976,002579.SZ,5537.268,933
977,002580.SZ,2646.79073898,351
978,002581.SZ,12815.1578717,1097
979,002582.SZ,2774.39912748,770
980,002583.SZ,6735.54912792,1504
981,002584.SZ,3766.999185,289
982,002585.SZ,6040.93600576,976
983,002587.SZ,3970.82216448,600
984,002588.SZ,10125.7993925,793
985,002589.SZ,13695.6596637,146
986,002590.SZ,8181.0637014,749
987,002591.SZ,3011.86779915,41
988,002592.SZ,6130.5180465,335
989,002593.SZ,3156.19066512,1279
990,002594.SZ,39401.6384423,1492
991,002595.SZ,8943.8743758,814
992,002596.SZ,3150.8309,415
993,002597.SZ,6742.97598694,1320
994,002598.SZ,3433.188084,1567
995,002599.SZ,3418.26375,372
996,002600.SZ,3679.10219898,707
997,002601.SZ,7473.935196,1602
998,002603.SZ,17795.8195027,1191
999,002604.SZ,6036.99020695,1450
1000,002605.SZ,6001.57819243,718
1001,002606.SZ,2768.75625,167
1002,002607.SZ,2645.07775328,1140
1003,002608.SZ,4035.1757875,1323
1004,002609.SZ,5518.22892,283
1005,002610.SZ,7765.6773144,148
1006,002611.SZ,4386.63568545,859
1007,002612.SZ,6751.90182125,565
1008,002613.SZ,2847.3434472,1257
1009,002614.SZ,4921.40709135,199
1010,002615.SZ,2417.084745,941
1011,002616.SZ,4995.672165,1306
1012,002617.SZ,8101.0908,361
1013,002618.SZ,7749.4152,752
1014,002619.SZ,3131.4562572,1598
1015,002620.SZ,3992.29326361,1481
1016,002621.SZ,1085.0625,810
1017,002622.SZ,7327.4124556,1120
1018,002623.SZ,6976.0,389
1019,002624.SZ,4767.67581831,1597
1020,002625.SZ,14404.3456172,877
1021,002626.SZ,11335.68,380
1022,002627.SZ,3820.18488925,1270
1023,002628.SZ,4824.13396707,1212
1024,002629.SZ,3918.57776752,487
1025,002630.SZ,8182.45075231,544
1026,002631.SZ,17952.03774,111
1027,002632.SZ,6125.88736989,417
1028,002633.SZ,2070.84375,1264
1029,002634.SZ,2227.5086287,616
1030,002635.SZ,4471.829287,1319
1031,002636.SZ,5445.1774741,1099
1032,002637.SZ,2664.365328,121
1033,002638.SZ,6936.147858,241
1034,002639.SZ,4625.6825,939
1035,002640.SZ,6799.56049472,447
1036,002641.SZ,6540.7608,1369
1037,002642.SZ,9575.93267055,896
1038,002644.SZ,8305.98921003,670
1039,002645.SZ,1185.32232,1247
1040,002646.SZ,13130.9999968,336
1041,002647.SZ,2628.13205294,978
1042,002648.SZ,12112.0,787
1043,002649.SZ,10419.8246621,31
1044,002650.SZ,7792.44851133,766
1045,002651.SZ,5736.9600432,1434
1046,002652.SZ,3599.6395092,285
1047,002653.SZ,10601.905725,1007
1048,002654.SZ,3595.44027,71
1049,002655.SZ,5576.4,951
1050,002656.SZ,4868.871875,210
1051,002657.SZ,15219.2321536,1418
1052,002658.SZ,7388.630788,1173
1053,002659.SZ,6503.01,265
1054,002661.SZ,4164.316375,1592
1055,002662.SZ,6926.27452112,207
1056,002663.SZ,7169.329946,1126
1057,002664.SZ,12323.1171375,744
1058,002665.SZ,16103.603526,6
1059,002666.SZ,3064.11595738,899
1060,002668.SZ,3307.31367648,1401
1061,002669.SZ,3006.64351995,1217
1062,002671.SZ,6182.72804635,1589
1063,002672.SZ,9077.3313183,630
1064,002673.SZ,65251.0,1332
1065,002674.SZ,4373.59896,76
1066,002675.SZ,5542.03728,769
1067,002676.SZ,4930.44779282,503
1068,002677.SZ,1590.0,1231
1069,002678.SZ,19334.9694611,1344
1070,002679.SZ,3799.832,390
1071,002680.SZ,1765.82882034,556
1072,002681.SZ,5746.62908342,376
1073,002682.SZ,6034.1489109,1073
1074,002683.SZ,6818.28911992,908
1075,002684.SZ,5626.530954,1142
1076,002685.SZ,7279.999025,413
1077,002686.SZ,1566.9504,741
1078,002687.SZ,1447.0281,1631
1079,002688.SZ,3320.3518623,1520
1080,002689.SZ,4046.43156505,796
1081,002690.SZ,8755.0505427,1500
1082,002691.SZ,1335.8336442,179
1083,002692.SZ,2303.1373189,1078
1084,002693.SZ,2767.838055,1356
1085,002694.SZ,1860.6252,591
1086,002695.SZ,1901.23339392,1278
1087,002696.SZ,1732.03572938,1027
1088,002697.SZ,3997.695922,32
1089,002698.SZ,5687.4787728,168
1090,002699.SZ,5450.0732,917
1091,002700.SZ,2611.5895296,95
1092,002701.SZ,13498.74152,1148
1093,002702.SZ,3181.67205699,1456
1094,002703.SZ,548.467561877,833
1095,002705.SZ,2056.3129048,943
1096,002706.SZ,2264.7872,649
1097,002707.SZ,7745.57014464,1370
1098,002708.SZ,2254.50133584,1427
1099,002709.SZ,2232.58557419,524
1100,002711.SZ,4152.7310952,358
1101,002712.SZ,2716.39849415,505
1102,002713.SZ,2097.3199968,1475
1103,002714.SZ,8414.58747096,1014
1104,002715.SZ,2527.377874,308
1105,002717.SZ,3159.06656248,733
1106,002718.SZ,1096.208,617
1107,002719.SZ,2366.44063466,1576
1108,002721.SZ,5108.05519794,454
1109,002722.SZ,1303.637025,118
1110,002723.SZ,1153.053,875
1111,002724.SZ,1330.0,1282
1112,002725.SZ,1220.1984,325
1113,002726.SZ,1564.5494,887
1114,002728.SZ,1487.75,137
1115,002729.SZ,1417.8,1155
1116,002730.SZ,1421.3292,103
1117,002731.SZ,1280.7432,1061
1118,002732.SZ,1316.2575,1326
1119,002733.SZ,1375.98,651
1120,002734.SZ,1228.5,857
1121,002735.SZ,820.0,160
1122,002736.SZ,30108.0,1412
1123,002737.SZ,3411.99663,690
1124,002739.SZ,13848.4540053,1365
1125,002740.SZ,1520.31171683,304
1126,002741.SZ,1905.33832135,1238
1127,002742.SZ,1205.28,174
1128,002743.SZ,1388.3584,354
1129,002745.SZ,1901.93,369
1130,002746.SZ,1140.9055,107
1131,002747.SZ,1943.1,792
1132,002748.SZ,1081.8,916
1133,002749.SZ,1260.45,1625
1134,002750.SZ,1704.48,407
1135,002751.SZ,2085.0744,1006
1136,002752.SZ,2006.4,1243
1137,002753.SZ,965.77,567
1138,002755.SZ,1000.1698,1118
1139,002756.SZ,2654.5,924
1140,002757.SZ,1064.893,101
1141,002758.SZ,1008.0,1017
1142,002759.SZ,883.68,677
1143,002760.SZ,795.96,307
1144,002761.SZ,888.6,1044
1145,002762.SZ,1411.0,1526
1146,002763.SZ,1962.9,594
1147,002765.SZ,1238.12,485
1148,002766.SZ,1557.658,1404
1149,002767.SZ,1086.5,828
1150,002768.SZ,503.2,625
1151,002769.SZ,834.905,1288
1152,002770.SZ,674.424,1486
1153,002771.SZ,404.8,775
1154,002772.SZ,843.7125,286
1155,002773.SZ,1082.088,1240
1156,002775.SZ,804.6,700
1157,002776.SZ,1064.0076,1423
1158,300001.SZ,17453.5627461,314
1159,300002.SZ,17371.7127204,429
1160,300003.SZ,27835.3498332,762
1161,300004.SZ,9400.95388051,1551
1162,300005.SZ,9526.57472389,652
1163,300006.SZ,5802.65940512,1239
1164,300007.SZ,6777.08778975,318
1165,300009.SZ,6590.71644242,1297
1166,300010.SZ,11465.3484743,913
1167,300011.SZ,12184.3070086,205
1168,300012.SZ,9802.20247474,1321
1169,300013.SZ,4663.8,655
1170,300014.SZ,8298.27819377,1030
1171,300015.SZ,25144.7843738,345
1172,300016.SZ,10616.1476829,598
1173,300017.SZ,23025.7983842,1518
1174,300018.SZ,6778.1355,1200
1175,300019.SZ,3287.356896,484
1176,300020.SZ,15718.2261775,1383
1177,300021.SZ,3045.6196836,468
1178,300022.SZ,4226.44547122,974
1179,300023.SZ,1645.48292088,1635
1180,300024.SZ,48974.8544837,1241
1181,300025.SZ,3427.70427644,347
1182,300026.SZ,14355.5213368,28
1183,300027.SZ,35267.891824,784
1184,300028.SZ,8207.74189163,764
1185,300029.SZ,2907.65432124,1094
1186,300030.SZ,6120.34213834,947
1187,300031.SZ,4428.98028293,204
1188,300032.SZ,18699.1233,1353
1189,300033.SZ,22529.2145565,681
1190,300034.SZ,11356.8100731,4
1191,300035.SZ,3194.011716,992
1192,300036.SZ,5564.16816172,1228
1193,300037.SZ,4158.84219265,538
1194,300038.SZ,5056.48679328,1534
1195,300039.SZ,9457.91174608,1242
1196,300040.SZ,2567.92359,246
1197,300041.SZ,4622.12625963,936
1198,300042.SZ,2380.49298368,771
1199,300043.SZ,11568.828216,1498
1200,300044.SZ,4397.3725023,1137
1201,300045.SZ,5984.14473718,176
1202,300046.SZ,2884.4419,728
1203,300047.SZ,6241.38933109,1408
1204,300048.SZ,5927.82882034,1515
1205,300049.SZ,10005.9773912,584
1206,300050.SZ,3729.92026536,873
1207,300051.SZ,4571.44231125,116
1208,300052.SZ,8294.00001866,1263
1209,300053.SZ,7716.24935,528
1210,300054.SZ,7785.61596338,742
1211,300055.SZ,12488.1812264,43
1212,300056.SZ,4417.95099024,378
1213,300057.SZ,5351.51587675,1275
1214,300058.SZ,22217.7545027,1557
1215,300059.SZ,81149.8360255,554
1216,300061.SZ,2074.1027328,1622
1217,300062.SZ,1587.56213,1219
1218,300063.SZ,4096.5235528,311
1219,300064.SZ,7874.750208,86
1220,300065.SZ,5790.81988207,426
1221,300066.SZ,5881.59041247,1330
1222,300067.SZ,3855.64420784,1618
1223,300068.SZ,9113.14775388,580
1224,300069.SZ,3454.3233,1311
1225,300070.SZ,32393.7803361,1345
1226,300071.SZ,5761.19863138,678
1227,300072.SZ,20114.7531497,884
1228,300073.SZ,4267.35582812,145
1229,300074.SZ,5274.3614295,882
1230,300075.SZ,9477.18268729,581
1231,300076.SZ,5315.02125648,1298
1232,300077.SZ,11072.8589025,1129
1233,300078.SZ,7898.46110388,1008
1234,300079.SZ,16763.6797979,316
1235,300080.SZ,4263.65777234,996
1236,300081.SZ,4267.213704,1
1237,300082.SZ,6502.763475,1402
1238,300084.SZ,4767.38421802,163
1239,300085.SZ,17885.0352535,860
1240,300086.SZ,7807.996647,1525
1241,300087.SZ,3677.88700011,595
1242,300088.SZ,13408.2019546,672
1243,300090.SZ,8341.66952944,1451
1244,300091.SZ,5753.792868,727
1245,300092.SZ,2097.3726864,1018
1246,300093.SZ,5566.6401504,293
1247,300094.SZ,10288.3490432,915
1248,300095.SZ,2589.24354,1533
1249,300096.SZ,13791.793116,1222
1250,300097.SZ,2858.02298568,170
1251,300098.SZ,5739.46358832,52
1252,300099.SZ,2645.19616304,1040
1253,300100.SZ,5113.32294,1490
1254,300101.SZ,12243.2306459,819
1255,300102.SZ,3607.560919,320
1256,300103.SZ,2080.09133024,1226
1257,300104.SZ,56543.9581658,626
1258,300105.SZ,7903.5264,1535
1259,300106.SZ,4143.5803082,190
1260,300107.SZ,2908.30924768,1102
1261,300108.SZ,2078.32826688,490
1262,300109.SZ,5707.68911622,206
1263,300110.SZ,12840.2859073,187
1264,300111.SZ,8817.2584632,886
1265,300112.SZ,2600.7041185,1360
1266,300113.SZ,9617.56818546,449
1267,300114.SZ,8921.172,38
1268,300115.SZ,17068.3870796,747
1269,300116.SZ,2541.848067,491
1270,300117.SZ,3570.768,1175
1271,300118.SZ,4753.76711278,1300
1272,300119.SZ,3505.92763164,1491
1273,300120.SZ,3990.90761132,1503
1274,300121.SZ,1887.31380086,768
1275,300122.SZ,9611.41354689,290
1276,300123.SZ,5590.89223113,1196
1277,300124.SZ,29807.353584,1624
1278,300125.SZ,3331.488382,911
1279,300126.SZ,6215.85009936,1150
1280,300127.SZ,3703.2083652,475
1281,300128.SZ,6815.4368,159
1282,300129.SZ,4220.4663228,1095
1283,300130.SZ,5676.2488425,431
1284,300131.SZ,7555.12724036,714
1285,300132.SZ,3099.33729402,988
1286,300133.SZ,18423.176544,1152
1287,300134.SZ,16706.2740154,513
1288,300135.SZ,8969.4015653,1192
1289,300136.SZ,10066.9441554,1637
1290,300137.SZ,6438.82880683,717
1291,300138.SZ,2310.27650792,1036
1292,300139.SZ,4306.8692744,112
1293,300140.SZ,9610.0897932,150
1294,300141.SZ,2439.69363678,1074
1295,300142.SZ,13156.0916912,1473
1296,300144.SZ,32275.8909218,1470
1297,300145.SZ,7851.4957434,1181
1298,300146.SZ,13254.3501697,273
1299,300147.SZ,20319.6552646,1574
1300,300148.SZ,7249.90803645,1593
1301,300149.SZ,5243.34540486,883
1302,300150.SZ,4764.94324704,1299
1303,300151.SZ,4804.6739118,388
1304,300152.SZ,10870.2,182
1305,300153.SZ,1948.87705724,879
1306,300154.SZ,4179.35169716,648
1307,300155.SZ,7177.25490829,829
1308,300156.SZ,10992.4770372,91
1309,300157.SZ,7044.08046261,385
1310,300159.SZ,10944.600666,63
1311,300160.SZ,4277.72,1255
1312,300161.SZ,5162.49400633,562
1313,300162.SZ,5571.1557245,10
1314,300163.SZ,2965.52581819,991
1315,300164.SZ,4533.2146235,1329
1316,300165.SZ,4812.30273375,611
1317,300166.SZ,12313.7143664,776
1318,300167.SZ,11147.9112,77
1319,300168.SZ,48050.6143814,381
1320,300169.SZ,2491.536834,1159
1321,300170.SZ,14956.4827277,798
1322,300171.SZ,8998.13958928,1527
1323,300172.SZ,3645.05058966,1209
1324,300173.SZ,4662.6347277,252
1325,300174.SZ,1984.22425268,27
1326,300175.SZ,6971.902575,790
1327,300176.SZ,2820.3912,1266
1328,300177.SZ,4987.74573895,379
1329,300178.SZ,18755.580943,471
1330,300179.SZ,3331.33832097,1184
1331,300180.SZ,4108.7353256,514
1332,300181.SZ,4723.81026396,967
1333,300182.SZ,12098.5004098,25
1334,300183.SZ,7236.948,835
1335,300184.SZ,5676.25961384,94
1336,300185.SZ,7851.39087656,1034
1337,300187.SZ,7686.902025,1505
1338,300188.SZ,7317.42173994,1328
1339,300189.SZ,10586.8787066,654
1340,300190.SZ,9772.29094129,1374
1341,300191.SZ,5154.798,750
1342,300192.SZ,2791.8,3
1343,300193.SZ,5162.17462223,1076
1344,300194.SZ,3967.6004571,561
1345,300195.SZ,3734.12900289,1286
1346,300196.SZ,3775.20644931,132
1347,300197.SZ,8674.73159235,866
1348,300198.SZ,4592.74986345,953
1349,300199.SZ,16086.925443,23
1350,300200.SZ,3157.76439468,1615
1351,300201.SZ,5568.4862181,846
1352,300202.SZ,16976.9255279,108
1353,300204.SZ,11355.3361623,665
1354,300205.SZ,12810.4631725,1325
1355,300206.SZ,4359.09037778,175
1356,300207.SZ,10540.7768485,904
1357,300208.SZ,18936.4469043,1037
1358,300209.SZ,4788.15479625,61
1359,300210.SZ,2246.728614,555
1360,300211.SZ,1887.17259104,1146
1361,300212.SZ,18602.8175225,234
1362,300213.SZ,5109.42767988,880
1363,300214.SZ,2951.92395249,339
1364,300215.SZ,7497.57657,1262
1365,300216.SZ,12693.464597,788
1366,300217.SZ,3284.73227736,37
1367,300218.SZ,2612.8029675,1573
1368,300219.SZ,5281.98938766,852
1369,300220.SZ,3662.0827712,1623
1370,300221.SZ,5208.0,667
1371,300222.SZ,6231.4994961,408
1372,300223.SZ,3465.775344,1134
1373,300224.SZ,9644.41009584,816
1374,300225.SZ,3112.00056552,1496
1375,300226.SZ,11458.899171,516
1376,300227.SZ,4337.50005,1237
1377,300228.SZ,9034.37905496,1296
1378,300229.SZ,10614.0563634,1584
1379,300230.SZ,1974.2502522,452
1380,300231.SZ,6040.389348,1359
1381,300232.SZ,3829.9662887,1641
1382,300233.SZ,8449.848701,948
1383,300234.SZ,3046.095189,1539
1384,300235.SZ,2897.05461102,527
1385,300236.SZ,4779.127504,227
1386,300237.SZ,3740.5847374,825
1387,300238.SZ,7378.01512979,710
1388,300239.SZ,2168.5345452,18
1389,300240.SZ,4707.822735,184
1390,300241.SZ,2684.51935584,921
1391,300242.SZ,2798.59,473
1392,300243.SZ,2365.05522816,1156
1393,300244.SZ,15145.2051401,53
1394,300245.SZ,4138.35056127,805
1395,300246.SZ,4658.96046,1285
1396,300247.SZ,2699.7142193,326
1397,300248.SZ,6869.6692,489
1398,300249.SZ,3222.89858228,1179
1399,300250.SZ,2722.5006424,456
1400,300251.SZ,30493.1283262,1357
1401,300252.SZ,10332.3164163,298
1402,300253.SZ,19767.385456,1223
1403,300254.SZ,3604.6426275,1413
1404,300255.SZ,9825.2717248,693
1405,300256.SZ,3015.77529968,192
1406,300257.SZ,19707.6310675,1161
1407,300258.SZ,3883.9186484,1043
1408,300259.SZ,3807.2739246,306
1409,300260.SZ,1600.57593388,576
1410,300261.SZ,6751.58016,1250
1411,300262.SZ,4190.7092995,153
1412,300263.SZ,5059.8633546,861
1413,300264.SZ,2969.4463638,643
1414,300265.SZ,2103.8875,937
1415,300266.SZ,7222.5192989,1063
1416,300267.SZ,19324.0136584,1390
1417,300268.SZ,741.54,134
1418,300269.SZ,4939.14485598,834
1419,300270.SZ,2579.534507,635
1420,300271.SZ,9678.15252862,458
1421,300272.SZ,3910.58087834,219
1422,300273.SZ,15280.6371229,1569
1423,300274.SZ,13862.3975348,295
1424,300275.SZ,3225.58068,1194
1425,300276.SZ,5461.47750363,704
1426,300280.SZ,1410.72,393
1427,300281.SZ,2502.38861658,1117
1428,300282.SZ,3863.923908,1599
1429,300283.SZ,1767.272403,644
1430,300284.SZ,6604.57460212,251
1431,300285.SZ,8648.0163378,1000
1432,300286.SZ,2501.13542,689
1433,300287.SZ,14312.4078012,1417
1434,300288.SZ,9551.39364457,1396
1435,300289.SZ,6318.732576,80
1436,300290.SZ,3064.20844934,1570
1437,300291.SZ,15994.3150642,862
1438,300292.SZ,3155.75336887,359
1439,300293.SZ,3444.8074875,1310
1440,300295.SZ,9020.96588109,1619
1441,300296.SZ,6677.7817836,232
1442,300297.SZ,9837.6902008,1180
1443,300298.SZ,4035.58432402,529
1444,300299.SZ,3808.1070312,253
1445,300300.SZ,6518.9462247,261
1446,300301.SZ,2355.403064,1206
1447,300302.SZ,3799.5937465,674
1448,300303.SZ,4573.00480538,1617
1449,300304.SZ,5620.0,337
1450,300305.SZ,1574.122575,1245
1451,300306.SZ,2703.59321652,1407
1452,300307.SZ,13048.54,737
1453,300308.SZ,4702.555116,1026
1454,300309.SZ,3283.77867,151
1455,300310.SZ,4823.36299494,1431
1456,300311.SZ,5194.62208,519
1457,300312.SZ,3996.274725,209
1458,300313.SZ,3273.17576712,901
1459,300314.SZ,5200.58696572,687
1460,300315.SZ,20184.5081086,1422
1461,300316.SZ,21000.1870288,278
1462,300317.SZ,3723.94554168,1024
1463,300318.SZ,4852.7501508,1119
1464,300319.SZ,2147.1,180
1465,300320.SZ,4410.511688,807
1466,300321.SZ,4363.188,54
1467,300322.SZ,5221.64118528,467
1468,300324.SZ,6853.86803532,464
1469,300325.SZ,5518.7547625,178
1470,300326.SZ,7650.0091104,925
1471,300327.SZ,3623.72736,574
1472,300328.SZ,6988.8,596
1473,300329.SZ,4689.3,1512
1474,300330.SZ,3352.40157252,303
1475,300331.SZ,3352.34617485,1029
1476,300332.SZ,5830.01609499,839
1477,300333.SZ,8560.3303016,1508
1478,300334.SZ,3156.3460258,1277
1479,300335.SZ,2841.03462336,1465
1480,300336.SZ,3639.657796,743
1481,300337.SZ,3882.53052624,1028
1482,300338.SZ,1838.57089386,15
1483,300339.SZ,6252.21095625,724
1484,300340.SZ,2395.7124606,498
1485,300341.SZ,2191.8252224,1399
1486,300342.SZ,2437.225,944
1487,300343.SZ,2568.5872,198
1488,300344.SZ,1486.38864375,629
1489,300345.SZ,3416.44666588,1538
1490,300346.SZ,2035.166952,143
1491,300347.SZ,8233.98149985,1122
1492,300348.SZ,3575.0,813
1493,300349.SZ,2134.87598613,82
1494,300350.SZ,2279.86966,1071
1495,300351.SZ,3586.5687,1349
1496,300352.SZ,5441.0224104,1609
1497,300353.SZ,5907.44307499,144
1498,300354.SZ,1591.13294354,1162
1499,300355.SZ,4080.06570982,194
1500,300356.SZ,3405.3555096,645
1501,300357.SZ,3002.32456419,1352
1502,300358.SZ,3138.72974142,12
1503,300359.SZ,10124.0491883,761
1504,300360.SZ,2345.43245483,482
1505,300362.SZ,1757.416292,969
1506,300363.SZ,4490.54647857,230
1507,300364.SZ,3031.5,1259
1508,300365.SZ,1970.10765,530
1509,300366.SZ,1839.300645,845
1510,300367.SZ,8555.3205045,90
1511,300368.SZ,2082.99545,1138
1512,300369.SZ,5229.390213,864
1513,300370.SZ,2755.51384434,843
1514,300371.SZ,1107.2456079,1513
1515,300373.SZ,3334.05496674,1093
1516,300374.SZ,981.3888,698
1517,300375.SZ,1889.69728002,1384
1518,300376.SZ,2444.988,1139
1519,300377.SZ,5354.13022785,172
1520,300378.SZ,4148.28988374,305
1521,300379.SZ,4716.9169074,483
1522,300380.SZ,5269.5681888,1233
1523,300382.SZ,1729.32074437,778
1524,300383.SZ,8589.96006656,481
1525,300384.SZ,3660.12248,697
1526,300385.SZ,1837.7244,1640
1527,300386.SZ,5051.38427443,1110
1528,300388.SZ,2176.6602,309
1529,300389.SZ,1385.4932,1216
1530,300390.SZ,782.895,1130
1531,300391.SZ,920.184,216
1532,300392.SZ,4383.28677813,713
1533,300393.SZ,1515.0792,1454
1534,300394.SZ,1228.1916,1092
1535,300395.SZ,1083.132,1371
1536,300396.SZ,1821.625,1603
1537,300397.SZ,5430.0,138
1538,300398.SZ,1838.98,535
1539,300399.SZ,2882.4,1265
1540,300400.SZ,1384.2,1214
1541,300401.SZ,1016.052,256
1542,300402.SZ,1109.25,1445
1543,300403.SZ,1873.4,661
1544,300404.SZ,1730.1793,1276
1545,300405.SZ,866.83,1555
1546,300406.SZ,2287.6252,44
1547,300408.SZ,3207.0837456,1327
1548,300409.SZ,1425.9375,1468
1549,300410.SZ,922.5,1016
1550,300411.SZ,2147.2,1581
1551,300412.SZ,1116.4076,872
1552,300413.SZ,3251.5,81
1553,300414.SZ,1768.1944,952
1554,300415.SZ,1315.5,196
1555,300416.SZ,1337.483,1335
1556,300417.SZ,824.976,618
1557,300418.SZ,10192.1499792,1291
1558,300421.SZ,1296.68,1543
1559,300422.SZ,1656.95,1111
1560,300423.SZ,897.38,871
1561,300424.SZ,2630.3262,660
1562,300425.SZ,1189.62,1441
1563,300426.SZ,2672.0,11
1564,300427.SZ,1433.0688,800
1565,300428.SZ,1044.34,1136
1566,300429.SZ,2440.2,177
1567,300430.SZ,1265.704,1098
1568,300431.SZ,6763.7679238,365
1569,300432.SZ,2580.0,958
1570,300433.SZ,5955.2976,228
1571,300434.SZ,1007.59,416
1572,300435.SZ,1083.9729,1322
1573,300436.SZ,2091.46,848
1574,300437.SZ,1242.48,154
1575,300438.SZ,1451.1,20
1576,300439.SZ,3446.144,963
1577,300440.SZ,2006.2,628
1578,300441.SZ,1060.8576,1289
1579,300442.SZ,1659.75,1053
1580,300443.SZ,1643.7348,126
1581,300444.SZ,1720.87136,1453
1582,300445.SZ,1052.232,486
1583,300446.SZ,1848.462,1164
1584,300447.SZ,1680.75,243
1585,300448.SZ,1931.8,301
1586,300449.SZ,1764.69,587
1587,300450.SZ,2468.4,1096
1588,300451.SZ,3229.66,366
1589,300452.SZ,1017.32,656
1590,300453.SZ,1080.384,1571
1591,300455.SZ,1718.5,1171
1592,300456.SZ,2403.24,885
1593,300457.SZ,1754.805,457
1594,300458.SZ,3019.2,1346
1595,300459.SZ,1115.65,676
1596,300460.SZ,1295.2224,622
1597,300461.SZ,808.6464,1479
1598,300462.SZ,970.8636,756
1599,300463.SZ,3291.0,319
1600,300464.SZ,753.2148,1287
1601,300465.SZ,3043.942,334
1602,300466.SZ,773.2,830
1603,300467.SZ,2973.0,1536
1604,300468.SZ,2152.5,13
1605,300469.SZ,765.528,723
1606,300470.SZ,1269.301,1201
1607,300471.SZ,1870.868,140
1608,300472.SZ,769.9873,891
1609,300473.SZ,1659.5,1509
1610,300475.SZ,1541.5,274
1611,300476.SZ,1745.492,1420
1612,300477.SZ,1028.82,696
1613,300478.SZ,823.6647,573
1614,300479.SZ,905.6,1485
1615,300480.SZ,167.44,1524
1616,300481.SZ,263.0,558
1617,300482.SZ,506.88,409
1618,300483.SZ,254.2,1135
1619,300485.SZ,2010.3,1467
1620,300486.SZ,446.8464,368
1621,300487.SZ,296.6,1059
1622,300488.SZ,251.5761,1153
1623,300489.SZ,199.306,223
